yfips,year,fips,state,county_name,total_pop,total_pop_15to64,female_pop_15to64,male_pop_15to64,asian_pop_15to64,black_pop_15to64,latino_pop_15to64,native_pop_15to64,other_pop_15to64,white_pop_15to64,urbanicity,region,division,commuting_zone,metro_area,land_area,total_jail_adm,total_jail_adm_dcrp,female_jail_adm_dcrp,male_jail_adm_dcrp,total_jail_pop,female_jail_pop,male_jail_pop,asian_jail_pop,black_jail_pop,latino_jail_pop,native_jail_pop,white_jail_pop,total_jail_pretrial,female_jail_pretrial,male_jail_pretrial,jail_from_state_prison,jail_from_other_state_prison,jail_from_state_jail,jail_from_other_state_jail,jail_from_fed,jail_from_ice,total_jail_pop_dcrp,female_jail_pop_dcrp,male_jail_pop_dcrp,total_prison_pop,female_prison_pop,male_prison_pop,asian_prison_pop,black_prison_pop,latino_prison_pop,native_prison_pop,other_prison_pop,white_prison_pop,total_prison_adm,female_prison_adm,male_prison_adm,asian_prison_adm,black_prison_adm,latino_prison_adm,native_prison_adm,other_prison_adm,white_prison_adm,num_facilites,num_employees,confined_pop,capacity,ucr_population,index_crime,violent_crime,property_crime,murder_crime,rape_crime,robbery_crime,agr_assault_crime,burglary_crime,larceny_crime,mv_theft_crime,arson_crime
197009001,1970,9001,CT,Fairfield County,792801,497126,257740,239386,,33260,,,1890,461976,small/mid,Northeast,New England,78,14860,624.97,,,,,,,,,,,,,,,,,,,,,,,,,,,,,,,,,,,,,,,,,,,10,917,3034,2381,,,,,,,,,,,,
197109001,1971,9001,CT,Fairfield County,792757,500177,258765,241412,,33819,,,2123,464235,small/mid,Northeast,New England,78,14860,624.97,,,,,,,,,,,,,,,,,,,,,,,,,,,,,,,,,,,,,,,,,,,10,917,3034,2381,,,,,,,,,,,,
197209001,1972,9001,CT,Fairfield County,788035,501357,258867,242490,,34384,,,2363,464610,small/mid,Northeast,New England,78,14860,624.97,,,,,,,,,,,,,,,,,,,,,,,,,,,,,,,,,,,,,,,,,,,10,917,3034,2381,,,,,,,,,,,,
197309001,1973,9001,CT,Fairfield County,786527,505052,260543,244509,,35160,,,2633,467259,small/mid,Northeast,New England,78,14860,624.97,,,,,,,,,,,,,,,,,,,,,,,,,,,,,,,,,,,,,,,,,,,10,917,3034,2381,,,,,,,,,,,,
197409001,1974,9001,CT,Fairfield County,788321,510560,263314,247246,,36009,,,2916,471635,small/mid,Northeast,New England,78,14860,624.97,,,,,,,,,,,,,,,,,,,,,,,,,,,,,,,,,,,,,,,,,,,10,917,3034,2381,,,,,,,,,,,,
197509001,1975,9001,CT,Fairfield County,794558,518936,267617,251319,,37209,,,3246,478481,small/mid,Northeast,New England,78,14860,624.97,,,,,,,,,,,,,,,,,,,,,,,,,,,,,,,,,,,,,,,,,,,10,917,3034,2381,,,,,,,,,,,,
197609001,1976,9001,CT,Fairfield County,797443,525635,271000,254635,,38386,,,3578,483671,small/mid,Northeast,New England,78,14860,624.97,,,,,,,,,,,,,,,,,,,,,,,,,,,,,,,,,,,,,,,,,,,10,917,3034,2381,,,,,,,,,,,,
197709001,1977,9001,CT,Fairfield County,810423,539296,278032,261264,,40145,,,3991,495160,small/mid,Northeast,New England,78,14860,624.97,,,,,,,,,,,,,,,,,,,,,,,,,,,,,,,,,,,,,,,,,,,10,917,3034,2381,521490,37676,1900,35776,43,222,606,1029,13599,18267,3910,0
197809001,1978,9001,CT,Fairfield County,802645,537302,277008,260294,,40707,,,4301,492294,small/mid,Northeast,New England,78,14860,624.97,,,,,,,,,,,,,,,,,,,,,,,,,,,,,,,,,,,,,,,,,,,10,917,3034,2381,787257,40994,2451,38543,43,145,1127,1136,11321,21278,5944,0
197909001,1979,9001,CT,Fairfield County,802659,540614,278635,261979,,41697,,,4675,494242,small/mid,Northeast,New England,78,14860,624.97,,,,,,,,,,,,,,,,,,,,,,,,,,,,,,,,,,,,,,,,,,,10,917,3034,2381,,,,,,,,,,,,
198009001,1980,9001,CT,Fairfield County,808907,547685,282215,265470,,43646,,,5238,498801,small/mid,Northeast,New England,78,14860,624.97,,,,,,,,,,,,,,,,,,,,,,,,,,,,,,,,,,,,,,,,,,,10,917,3034,2381,780678,52805,3073,49732,37,145,1542,1349,16633,27342,5227,530
198109001,1981,9001,CT,Fairfield County,813187,553441,284893,268548,,45291,,,6073,502077,small/mid,Northeast,New England,78,14860,624.97,,,,,,,,,,,,,,,,,,,,,,,,,,,,,,,,,,,,,,,,,,,10,917,3034,2381,712311,48279,3110,45169,57,125,1645,1283,14713,25109,4816,531
198209001,1982,9001,CT,Fairfield County,817944,558077,287022,271055,,46805,,,6909,504363,small/mid,Northeast,New England,78,14860,624.97,,,,,,,,,,,,,,,,,,,,,,,,,,,,,,,,,,,,,,,,,,,10,917,3034,2381,795250,50653,3464,47189,53,171,1796,1444,13614,27561,5726,288
198309001,1983,9001,CT,Fairfield County,821860,561575,288456,273119,,48222,,,7687,505666,small/mid,Northeast,New England,78,14860,624.97,,,,,,,,,,,,,,,,,,,,,,,,,,,,,,,,,,,,,,,,,,,10,917,3034,2381,791456,47564,3318,44246,49,123,1815,1331,12666,25682,5675,223
198409001,1984,9001,CT,Fairfield County,825107,565465,290171,275294,,49667,,,8533,507265,small/mid,Northeast,New England,78,14860,624.97,,,,,,,,,,,,,,,,,,,,,,,,,,,,,,,,,,,,,,,,,,,10,917,3034,2381,801318,44221,3726,40495,46,162,1886,1632,10290,24805,5136,264
198509001,1985,9001,CT,Fairfield County,830393,569989,292247,277742,,51144,,,9410,509435,small/mid,Northeast,New England,78,14860,624.97,,,,,,,,,,,,,,,,,,,,,,,,,,,,,,,,,,,,,,,,,,,10,917,3034,2381,801935,44055,3693,40362,51,128,1917,1597,9747,24973,5381,261
198609001,1986,9001,CT,Fairfield County,831802,571369,292453,278916,,52419,,,10262,508688,small/mid,Northeast,New England,78,14860,624.97,,,,,,,,,,,,,,,,,,,,,,,,,,,,,,,,,,,,,,,,,,,10,917,3034,2381,802045,43576,3818,39758,62,155,1732,1869,10622,23862,5022,252
198709001,1987,9001,CT,Fairfield County,828286,568249,290621,277628,,53336,,,11061,503852,small/mid,Northeast,New England,78,14860,624.97,,,,,,,,,,,,,,,,,,,,,,,,,,,,,,,,,,,,,,,,,,,10,917,3034,2381,802533,42886,3310,39576,57,155,1629,1469,10586,23411,5359,220
198809001,1988,9001,CT,Fairfield County,826605,565658,288977,276681,,54348,,,11871,499439,small/mid,Northeast,New England,78,14860,624.97,,,,,,,,,,,,,,,,,,,,,,,,,,,,,,,,,,,,,,,,,,,10,917,3034,2381,801295,44572,3683,40889,60,186,1674,1763,10549,23340,6798,202
198909001,1989,9001,CT,Fairfield County,827522,563201,287482,275719,,55304,,,12734,495163,small/mid,Northeast,New England,78,14860,624.97,,,,,,,,,,,,,,,,,,,,,,,,,,,,,,,,,,,,,,,,,,,10,917,3034,2381,794031,47664,4377,43287,63,187,2232,1895,11159,23509,8436,183
199009001,1990,9001,CT,Fairfield County,828860,561084,286116,274968,12118,52436,48056,755,,447719,small/mid,Northeast,New England,78,14860,624.97,,,,,,,,,,,,,,,,,,,,,,,,,,,,,,,,,,,,,,,,,,,10,917,3034,2381,803998,48316,4714,43602,80,171,2489,1974,11692,22734,8883,293
199109001,1991,9001,CT,Fairfield County,833094,558680,285194,273486,13172,52918,50150,770,,441670,small/mid,Northeast,New England,78,14860,624.97,,,,,,,,,,,,,,,,,,,,,,,,,,,,,,,,,,,,,,,,,,,10,917,3034,2381,804995,47205,4800,42405,77,210,2476,2037,10399,21961,9740,305
199209001,1992,9001,CT,Fairfield County,834372,554291,282965,271326,14058,53064,51867,790,,434512,small/mid,Northeast,New England,78,14860,624.97,,,,,,,,,,,,,,,,,,,,,,,,,,,,,,,,,,,,,,,,,,,10,917,3034,2381,802538,44905,4542,40363,83,161,2470,1828,11057,20854,8160,292
199309001,1993,9001,CT,Fairfield County,838945,552591,282346,270245,15071,53680,54082,820,,428938,small/mid,Northeast,New England,78,14860,624.97,,,,,,,,,,,,,,,,,,,,,,,,,,,,,,,,,,,,,,,,,,,10,917,3034,2381,,,,,,,,,,,,
199409001,1994,9001,CT,Fairfield County,842482,551745,282333,269412,15879,53794,56058,802,,425212,small/mid,Northeast,New England,78,14860,624.97,,,,,,,,,,,,,,,,,,,,,,,,,,,,,,,,,,,,,,,,,,,10,917,3034,2381,799255,38328,3768,34560,72,157,1702,1837,7602,20631,5984,343
199509001,1995,9001,CT,Fairfield County,848057,553413,282871,270542,16897,54763,58566,804,,422383,small/mid,Northeast,New England,78,14860,624.97,,,,,,,,,,,,,,,,,,,,,,,,,,,,,,,,,,,,,,,,,,,10,917,3034,2381,801140,37504,3225,34279,53,131,1448,1593,7286,21296,4990,707
199609001,1996,9001,CT,Fairfield County,854421,557102,284831,272271,17792,55477,61574,822,,421437,small/mid,Northeast,New England,78,14860,624.97,,,,,,,,,,,,,,,,,,,,,,,,,,,,,,,,,,,,,,,,,,,10,917,3034,2381,800881,37395,3625,33770,62,148,1577,1838,7474,20862,4783,651
199709001,1997,9001,CT,Fairfield County,861020,561611,287217,274394,18899,56393,64486,843,,420990,small/mid,Northeast,New England,78,14860,624.97,,,,,,,,,,,,,,,,,,,,,,,,,,,,,,,,,,,,,,,,,,,10,917,3034,2381,799895,35293,3993,31300,44,172,1509,2268,6704,19421,4699,476
199809001,1998,9001,CT,Fairfield County,868651,565213,289258,275955,19872,57476,66947,850,,420068,small/mid,Northeast,New England,78,14860,624.97,,,,,,,,,,,,,,,,,,,,,,,,,,,,,,,,,,,,,,,,,,,10,917,3034,2381,812821,31402,3341,28061,45,163,1270,1863,5628,18230,3819,384
199909001,1999,9001,CT,Fairfield County,877043,569238,291379,277859,21203,58334,69693,862,,419146,small/mid,Northeast,New England,78,14860,624.97,,,,,,,,,,,,,,,,,,,,,,,,,,,,,,,,,,,,,,,,,,,10,917,3034,2381,815609,26160,2859,23301,38,152,1164,1505,4357,15126,3533,285
200009001,2000,9001,CT,Fairfield County,884364,573474,293485,279989,22398,59152,72821,903,,418200,small/mid,Northeast,New England,78,14860,624.97,,,,,,,,,,,,,,,,,,,,,,,,,,,,,,,,,,,,,,,,,,,10,917,3034,2381,856517,25324,3076,22248,27,134,1019,1896,3778,14111,4025,334
200109001,2001,9001,CT,Fairfield County,889063,576999,294936,282063,23329,60021,76261,912,,416476,small/mid,Northeast,New England,78,14860,624.97,,,,,,,,,,,,,,,,,,,,,,,,,,,,,,,,,,,,,,,,,,,10,917,3034,2381,861421,23284,2872,20412,20,134,1020,1698,3488,13114,3591,219
200209001,2002,9001,CT,Fairfield County,892900,580712,296381,284331,24614,60730,79955,904,,414509,small/mid,Northeast,New England,78,14860,624.97,,,,,,,,,,,,,,,,,,,,,,,,,,,,,,,,,,,,,,,,,,,10,917,3034,2381,878736,23138,2744,20394,20,148,999,1577,3453,13933,2823,185
200309001,2003,9001,CT,Fairfield County,896342,583589,297697,285892,25519,61585,83330,922,,412233,small/mid,Northeast,New England,78,14860,624.97,,,,,,,,,,,,,,,,,,,,,,,,,,,,,,,,,,,,,,,,,,,10,917,3034,2381,883882,22405,2431,19974,23,121,931,1356,3323,13906,2592,153
200409001,2004,9001,CT,Fairfield County,897472,585587,298634,286953,26321,62343,86543,879,,409501,small/mid,Northeast,New England,78,14860,624.97,,,,,,,,,,,,,,,,,,,,,,,,,,,,,,,,,,,,,,,,,,,10,917,3034,2381,886033,22978,2535,20443,25,137,983,1390,3447,14727,2144,125
200509001,2005,9001,CT,Fairfield County,897653,588464,299627,288837,27265,63214,89891,916,,407178,small/mid,Northeast,New England,78,14860,624.97,,,,,,,,,,,,,,,,,,,,,,,,,,,,,,,,,,,,,,,,,,,10,917,3034,2381,886621,22621,2550,20071,34,141,1035,1340,3402,14006,2542,121
200609001,2006,9001,CT,Fairfield County,896254,590156,300490,289666,28259,63839,93326,956,,403776,small/mid,Northeast,New England,78,14860,624.97,,,,,,,,,,,,,,,,,,,,,,,,,,,,,,,,,,,,,,,,,,,10,917,3034,2381,883002,21750,2690,19060,43,136,1152,1359,3296,13413,2308,43
200709001,2007,9001,CT,Fairfield County,897498,592158,301303,290855,28934,64294,96975,913,,401042,small/mid,Northeast,New England,78,14860,624.97,,,,,,,,,,,,,,,,,,,,,,,,,,,,,,,,,,,,,,,,,,,10,917,3034,2381,884290,20560,2719,17841,22,167,1125,1405,3018,12529,2217,77
200809001,2008,9001,CT,Fairfield County,903824,596518,303350,293168,29997,65106,100947,916,,399552,small/mid,Northeast,New England,78,14860,624.97,,,,,,,,,,,,,,,,,,,,,,,,,,,,,,,,,,,,,,,,,,,10,917,3034,2381,878111,21303,2875,18428,35,135,1198,1507,3132,13100,2088,108
200909001,2009,9001,CT,Fairfield County,910421,601757,305838,295919,30837,66291,105166,887,,398576,small/mid,Northeast,New England,78,14860,624.97,,,,,,,,,,,,,,,,,,,,,,,,,,,,,,,,,,,,,,,,,,,10,917,3034,2381,878051,20170,2797,17373,18,155,1187,1437,3231,12211,1847,84
201009001,2010,9001,CT,Fairfield County,916846,606352,308350,298002,31642,67433,108067,850,,398360,small/mid,Northeast,New England,78,14860,624.97,,,,,,,,,,,,,,,,,,,,,,,,,,,,,,,,,,,,,,,,,,,10,917,3034,2381,899367,18616,2534,16082,34,145,991,1364,3303,11049,1666,64
201109001,2011,9001,CT,Fairfield County,919749,608836,309615,299221,32050,67638,108880,877,,399391,small/mid,Northeast,New England,78,14860,624.97,,,,,,,,,,,,,,,,,,,,,,,,,,,,,,,,,,,,,,,,,,,10,917,3034,2381,901031,20151,2651,17500,32,229,1093,1297,3604,12032,1802,62
201209001,2012,9001,CT,Fairfield County,929398,616447,313211,303236,33533,69091,112588,896,,400339,small/mid,Northeast,New England,78,14860,624.97,,,,,,,,,,,,,,,,,,,,,,,,,,,,,,,,,,,,,,,,,,,10,917,3034,2381,910707,19111,2743,16368,33,485,948,1277,3214,11574,1515,65
201309001,2013,9001,CT,Fairfield County,936345,619827,314606,305221,34662,70195,115903,922,,398145,small/mid,Northeast,New England,78,14860,624.97,,,,,,,,,,,,,,,,,,,,,,,,,,,,,,,,,,,,,,,,,,,10,917,3034,2381,921059,17263,2261,15002,14,179,946,1122,2959,10673,1319,51
201409001,2014,9001,CT,Fairfield County,942865,624663,316992,307671,35681,71664,119164,919,,397235,small/mid,Northeast,New England,78,14860,624.97,,,,,,,,,,,,,,,,,,,,,,,,,,,,,,,,,,,,,,,,,,,10,917,3034,2381,927225,17281,2280,15001,19,190,928,1143,2832,10658,1451,60
201509001,2015,9001,CT,Fairfield County,946547,627377,317970,309407,36818,72505,121566,910,,395578,small/mid,Northeast,New England,78,14860,624.97,,,,,,,,,,,,,,,,,,,,,,,,,,,,,,,,,,,,,,,,,,,10,917,3034,2381,,,,,,,,,,,,
201609001,2016,9001,CT,Fairfield County,948116,628634,318600,310034,37772,73507,124136,915,,392304,small/mid,Northeast,New England,78,14860,624.97,,,,,,,,,,,,,,,,,,,,,,,,,,,,,,,,,,,,,,,,,,,10,917,3034,2381,,,,,,,,,,,,
197009003,1970,9003,CT,Hartford County,818201,513027,264598,248429,,32049,,,1618,479360,urban,Northeast,New England,78,25540,735.132,,,,,,,,,,,,,,,,,,,,,,,,,,,,,,,,,,,,,,,,,,,10,1844,6291,5726,,,,,,,,,,,,
197109003,1971,9003,CT,Hartford County,824078,520742,268164,252578,,33288,,,1827,485627,urban,Northeast,New England,78,25540,735.132,,,,,,,,,,,,,,,,,,,,,,,,,,,,,,,,,,,,,,,,,,,10,1844,6291,5726,,,,,,,,,,,,
197209003,1972,9003,CT,Hartford County,821290,523877,269296,254581,,34358,,,2035,487484,urban,Northeast,New England,78,25540,735.132,,,,,,,,,,,,,,,,,,,,,,,,,,,,,,,,,,,,,,,,,,,10,1844,6291,5726,,,,,,,,,,,,
197309003,1973,9003,CT,Hartford County,818958,527561,271075,256486,,35506,,,2263,489792,urban,Northeast,New England,78,25540,735.132,,,,,,,,,,,,,,,,,,,,,,,,,,,,,,,,,,,,,,,,,,,10,1844,6291,5726,,,,,,,,,,,,
197409003,1974,9003,CT,Hartford County,818465,532171,273510,258661,,36664,,,2501,493006,urban,Northeast,New England,78,25540,735.132,,,,,,,,,,,,,,,,,,,,,,,,,,,,,,,,,,,,,,,,,,,10,1844,6291,5726,,,,,,,,,,,,
197509003,1975,9003,CT,Hartford County,814176,533593,274373,259220,,37750,,,2751,493092,urban,Northeast,New England,78,25540,735.132,,,,,,,,,,,,,,,,,,,,,,,,,,,,,,,,,,,,,,,,,,,10,1844,6291,5726,,,,,,,,,,,,
197609003,1976,9003,CT,Hartford County,810701,536039,275713,260326,,38985,,,3008,494046,urban,Northeast,New England,78,25540,735.132,,,,,,,,,,,,,,,,,,,,,,,,,,,,,,,,,,,,,,,,,,,10,1844,6291,5726,,,,,,,,,,,,
197709003,1977,9003,CT,Hartford County,806379,536903,276260,260643,,40162,,,3283,493458,urban,Northeast,New England,78,25540,735.132,,,,,,,,,,,,,,,,,,,,,,,,,,,,,,,,,,,,,,,,,,,10,1844,6291,5726,654785,60698,4655,56043,84,341,2058,2172,19194,29227,7622,0
197809003,1978,9003,CT,Hartford County,805987,540644,278315,262329,,41529,,,3584,495531,urban,Northeast,New England,78,25540,735.132,,,,,,,,,,,,,,,,,,,,,,,,,,,,,,,,,,,,,,,,,,,10,1844,6291,5726,812725,49526,3939,45587,47,208,2005,1679,12383,25648,7556,0
197909003,1979,9003,CT,Hartford County,805515,543668,279907,263761,,42878,,,3905,496885,urban,Northeast,New England,78,25540,735.132,,,,,,,,,,,,,,,,,,,,,,,,,,,,,,,,,,,,,,,,,,,10,1844,6291,5726,,,,,,,,,,,,
198009003,1980,9003,CT,Hartford County,809169,548952,282645,266307,,45150,,,4353,499449,urban,Northeast,New England,78,25540,735.132,,,,,,,,,,,,,,,,,,,,,,,,,,,,,,,,,,,,,,,,,,,10,1844,6291,5726,716324,55150,4969,50181,56,222,2489,2202,14650,27052,8264,215
198109003,1981,9003,CT,Hartford County,811858,552996,284438,268558,,46970,,,5010,501016,urban,Northeast,New England,78,25540,735.132,,,,,,,,,,,,,,,,,,,,,,,,,,,,,,,,,,,,,,,,,,,10,1844,6291,5726,799382,61029,5899,55130,54,202,3304,2339,16901,30755,6998,476
198209003,1982,9003,CT,Hartford County,812389,553906,284631,269275,,48488,,,5634,499784,urban,Northeast,New England,78,25540,735.132,,,,,,,,,,,,,,,,,,,,,,,,,,,,,,,,,,,,,,,,,,,10,1844,6291,5726,804745,56812,5083,51729,58,232,2716,2077,13610,31371,6089,659
198309003,1983,9003,CT,Hartford County,818509,558112,286427,271685,,50275,,,6253,501584,urban,Northeast,New England,78,25540,735.132,,,,,,,,,,,,,,,,,,,,,,,,,,,,,,,,,,,,,,,,,,,10,1844,6291,5726,800956,48525,4278,44247,35,194,2227,1822,11607,27814,4360,466
198409003,1984,9003,CT,Hartford County,821297,560893,287591,273302,,51920,,,6910,502063,urban,Northeast,New England,78,25540,735.132,,,,,,,,,,,,,,,,,,,,,,,,,,,,,,,,,,,,,,,,,,,10,1844,6291,5726,798138,46422,4401,42021,34,227,2167,1973,11224,26920,3433,444
198509003,1985,9003,CT,Hartford County,826380,564486,289213,275273,,53604,,,7578,503304,urban,Northeast,New England,78,25540,735.132,,,,,,,,,,,,,,,,,,,,,,,,,,,,,,,,,,,,,,,,,,,10,1844,6291,5726,801928,46556,4405,42151,32,230,2132,2011,11831,26610,3260,450
198609003,1986,9003,CT,Hartford County,834355,569560,291319,278241,,55526,,,8298,505736,urban,Northeast,New England,78,25540,735.132,,,,,,,,,,,,,,,,,,,,,,,,,,,,,,,,,,,,,,,,,,,10,1844,6291,5726,808582,49955,4810,45145,42,257,2317,2194,11883,28769,4132,361
198709003,1987,9003,CT,Hartford County,843158,573987,293354,280633,,57495,,,9036,507456,urban,Northeast,New England,78,25540,735.132,,,,,,,,,,,,,,,,,,,,,,,,,,,,,,,,,,,,,,,,,,,10,1844,6291,5726,812432,53686,4822,48864,46,250,2111,2415,13020,30227,5213,404
198809003,1988,9003,CT,Hartford County,853029,578342,295262,283080,,59535,,,9799,509008,urban,Northeast,New England,78,25540,735.132,,,,,,,,,,,,,,,,,,,,,,,,,,,,,,,,,,,,,,,,,,,10,1844,6291,5726,825501,50238,4916,45322,52,278,2017,2569,11962,27972,4961,427
198909003,1989,9003,CT,Hartford County,853026,574259,292930,281329,,60646,,,10457,503156,urban,Northeast,New England,78,25540,735.132,,,,,,,,,,,,,,,,,,,,,,,,,,,,,,,,,,,,,,,,,,,10,1844,6291,5726,825636,51553,5692,45861,47,316,2236,3093,11713,28092,5576,480
199009003,1990,9003,CT,Hartford County,852567,570351,290611,279740,9380,56419,45406,915,,458231,urban,Northeast,New England,78,25540,735.132,,,,,,,,,,,,,,,,,,,,,,,,,,,,,,,,,,,,,,,,,,,10,1844,6291,5726,833054,52933,6095,46838,36,342,2399,3318,12000,28870,5617,351
199109003,1991,9003,CT,Hartford County,854316,566710,288371,278339,10165,57759,47428,939,,450419,urban,Northeast,New England,78,25540,735.132,,,,,,,,,,,,,,,,,,,,,,,,,,,,,,,,,,,,,,,,,,,10,1844,6291,5726,834022,55073,6048,49025,43,364,2486,3155,12091,29829,6694,411
199209003,1992,9003,CT,Hartford County,851504,560431,285233,275198,10814,58222,48606,974,,441815,urban,Northeast,New England,78,25540,735.132,,,,,,,,,,,,,,,,,,,,,,,,,,,,,,,,,,,,,,,,,,,10,1844,6291,5726,831474,52991,5241,47750,24,291,2190,2736,11080,28692,7493,485
199309003,1993,9003,CT,Hartford County,851008,555693,282948,272745,11518,59149,50241,998,,433787,urban,Northeast,New England,78,25540,735.132,,,,,,,,,,,,,,,,,,,,,,,,,,,,,,,,,,,,,,,,,,,10,1844,6291,5726,,,,,,,,,,,,
199409003,1994,9003,CT,Hartford County,849602,552457,281287,271170,12031,59836,51916,997,,427677,urban,Northeast,New England,78,25540,735.132,,,,,,,,,,,,,,,,,,,,,,,,,,,,,,,,,,,,,,,,,,,10,1844,6291,5726,819091,47558,5621,41937,75,284,2364,2898,9271,26102,6179,385
199509003,1995,9003,CT,Hartford County,846135,548026,279578,268448,12700,60283,52968,1020,,421055,urban,Northeast,New England,78,25540,735.132,,,,,,,,,,,,,,,,,,,,,,,,,,,,,,,,,,,,,,,,,,,10,1844,6291,5726,812128,46574,4937,41637,48,284,1986,2619,9267,26664,5399,307
199609003,1996,9003,CT,Hartford County,846156,547897,279526,268371,13264,61208,55187,1059,,417179,urban,Northeast,New England,78,25540,735.132,,,,,,,,,,,,,,,,,,,,,,,,,,,,,,,,,,,,,,,,,,,10,1844,6291,5726,811931,40962,4289,36673,39,239,1849,2162,7867,23900,4641,265
199709003,1997,9003,CT,Hartford County,846001,548250,279721,268529,13956,62360,57268,1085,,413581,urban,Northeast,New England,78,25540,735.132,,,,,,,,,,,,,,,,,,,,,,,,,,,,,,,,,,,,,,,,,,,10,1844,6291,5726,810971,38350,3531,34819,37,180,1506,1808,6766,23738,4188,127
199809003,1998,9003,CT,Hartford County,849006,549396,280416,268980,14604,63866,58969,1089,,410868,urban,Northeast,New England,78,25540,735.132,,,,,,,,,,,,,,,,,,,,,,,,,,,,,,,,,,,,,,,,,,,10,1844,6291,5726,809553,38473,3566,34907,44,219,1437,1866,6959,23976,3876,96
199909003,1999,9003,CT,Hartford County,853039,551874,281751,270123,15524,65207,61073,1124,,408946,urban,Northeast,New England,78,25540,735.132,,,,,,,,,,,,,,,,,,,,,,,,,,,,,,,,,,,,,,,,,,,10,1844,6291,5726,810110,31447,2849,28598,33,176,1245,1395,5290,19899,3134,275
200009003,2000,9003,CT,Hartford County,858416,556054,283923,272131,16421,66596,63594,1157,,408286,urban,Northeast,New England,78,25540,735.132,,,,,,,,,,,,,,,,,,,,,,,,,,,,,,,,,,,,,,,,,,,10,1844,6291,5726,836527,33059,3049,30010,26,165,1397,1461,5083,20539,4156,232
200109003,2001,9003,CT,Hartford County,862573,560711,286186,274525,17388,67876,66225,1181,,408041,urban,Northeast,New England,78,25540,735.132,,,,,,,,,,,,,,,,,,,,,,,,,,,,,,,,,,,,,,,,,,,10,1844,6291,5726,841319,31856,3219,28637,36,196,1472,1515,4885,19676,3843,233
200209003,2002,9003,CT,Hartford County,867451,565917,288815,277102,18687,69096,68857,1183,,408094,urban,Northeast,New England,78,25540,735.132,,,,,,,,,,,,,,,,,,,,,,,,,,,,,,,,,,,,,,,,,,,10,1844,6291,5726,850026,31628,3048,28580,33,196,1452,1367,4610,19407,4303,260
200309003,2003,9003,CT,Hartford County,873335,571873,291565,280308,20126,70605,71733,1180,,408229,urban,Northeast,New England,78,25540,735.132,,,,,,,,,,,,,,,,,,,,,,,,,,,,,,,,,,,,,,,,,,,10,1844,6291,5726,851340,32750,3586,29164,62,187,1588,1749,4427,20242,4217,278
200409003,2004,9003,CT,Hartford County,874449,575129,293332,281797,21225,71905,73818,1166,,407015,urban,Northeast,New England,78,25540,735.132,,,,,,,,,,,,,,,,,,,,,,,,,,,,,,,,,,,,,,,,,,,10,1844,6291,5726,854442,33771,2999,30772,26,201,1494,1278,5029,21067,4522,154
200509003,2005,9003,CT,Hartford County,878081,581294,295859,285435,22483,73699,76294,1192,,407626,urban,Northeast,New England,78,25540,735.132,,,,,,,,,,,,,,,,,,,,,,,,,,,,,,,,,,,,,,,,,,,10,1844,6291,5726,836248,31328,2785,28543,38,153,1265,1329,4596,20256,3557,134
200609003,2006,9003,CT,Hartford County,881298,586562,298677,287885,23762,75235,79504,1250,,406811,urban,Northeast,New England,78,25540,735.132,,,,,,,,,,,,,,,,,,,,,,,,,,,,,,,,,,,,,,,,,,,10,1844,6291,5726,853553,31547,2962,28585,37,165,1378,1382,4593,20369,3458,165
200709003,2007,9003,CT,Hartford County,884548,590144,300314,289830,24974,76514,82496,1290,,404870,urban,Northeast,New England,78,25540,735.132,,,,,,,,,,,,,,,,,,,,,,,,,,,,,,,,,,,,,,,,,,,10,1844,6291,5726,856792,29627,2761,26866,44,169,1271,1277,4746,18549,3395,176
200809003,2008,9003,CT,Hartford County,887891,592585,301712,290873,26051,77850,85416,1297,,401971,urban,Northeast,New England,78,25540,735.132,,,,,,,,,,,,,,,,,,,,,,,,,,,,,,,,,,,,,,,,,,,10,1844,6291,5726,856280,28491,2824,25667,39,185,1157,1443,4300,18172,3032,163
200909003,2009,9003,CT,Hartford County,891667,595865,303152,292713,27315,78901,88509,1279,,399861,urban,Northeast,New England,78,25540,735.132,,,,,,,,,,,,,,,,,,,,,,,,,,,,,,,,,,,,,,,,,,,10,1844,6291,5726,856536,27423,2827,24596,42,178,1082,1525,4512,17682,2268,134
201009003,2010,9003,CT,Hartford County,894031,598029,304086,293943,28352,79796,90706,1238,,397937,urban,Northeast,New England,78,25540,735.132,,,,,,,,,,,,,,,,,,,,,,,,,,,,,,,,,,,,,,,,,,,10,1844,6291,5726,871047,25877,2892,22985,47,161,1035,1649,4147,16698,1983,157
201109003,2011,9003,CT,Hartford County,895504,599553,304757,294796,28647,80164,91456,1224,,398062,urban,Northeast,New England,78,25540,735.132,,,,,,,,,,,,,,,,,,,,,,,,,,,,,,,,,,,,,,,,,,,10,1844,6291,5726,872660,25115,2824,22291,36,166,1089,1533,4546,15674,1922,149
201209003,2012,9003,CT,Hartford County,897778,601490,305426,296064,29699,80872,94377,1231,,395311,urban,Northeast,New England,78,25540,735.132,,,,,,,,,,,,,,,,,,,,,,,,,,,,,,,,,,,,,,,,,,,10,1844,6291,5726,874063,25378,2745,22633,34,129,1153,1429,4293,16180,2020,140
201309003,2013,9003,CT,Hartford County,898572,600176,304422,295754,30823,81640,96836,1239,,389638,urban,Northeast,New England,78,25540,735.132,,,,,,,,,,,,,,,,,,,,,,,,,,,,,,,,,,,,,,,,,,,10,1844,6291,5726,874958,22869,2532,20337,33,224,999,1276,3651,15050,1549,87
201409003,2014,9003,CT,Hartford County,899765,599762,303737,296025,31872,82709,99426,1232,,384523,urban,Northeast,New England,78,25540,735.132,,,,,,,,,,,,,,,,,,,,,,,,,,,,,,,,,,,,,,,,,,,10,1844,6291,5726,875717,23067,2418,20649,39,216,930,1233,3628,15227,1678,116
201509003,2015,9003,CT,Hartford County,898810,598142,302710,295432,33233,83193,101677,1231,,378808,urban,Northeast,New England,78,25540,735.132,,,,,,,,,,,,,,,,,,,,,,,,,,,,,,,,,,,,,,,,,,,10,1844,6291,5726,,,,,,,,,,,,
201609003,2016,9003,CT,Hartford County,897626,596337,301492,294845,34717,83780,103866,1214,,372760,urban,Northeast,New England,78,25540,735.132,,,,,,,,,,,,,,,,,,,,,,,,,,,,,,,,,,,,,,,,,,,10,1844,6291,5726,,,,,,,,,,,,
197009005,1970,9005,CT,Litchfield County,144283,87573,44840,42733,,693,,,145,86735,rural,Northeast,New England,78,45860,920.49,,,,,,,,,,,,,,,,,,,,,,,,,,,,,,,,,,,,,,,,,,,1,14,28,30,,,,,,,,,,,,
197109005,1971,9005,CT,Litchfield County,145081,88528,45220,43308,,692,,,174,87662,rural,Northeast,New England,78,45860,920.49,,,,,,,,,,,,,,,,,,,,,,,,,,,,,,,,,,,,,,,,,,,1,14,28,30,,,,,,,,,,,,
197209005,1972,9005,CT,Litchfield County,145917,89789,45754,44035,,704,,,201,88884,rural,Northeast,New England,78,45860,920.49,,,,,,,,,,,,,,,,,,,,,,,,,,,,,,,,,,,,,,,,,,,1,14,28,30,,,,,,,,,,,,
197309005,1973,9005,CT,Litchfield County,147142,91366,46495,44871,,717,,,227,90422,rural,Northeast,New England,78,45860,920.49,,,,,,,,,,,,,,,,,,,,,,,,,,,,,,,,,,,,,,,,,,,1,14,28,30,,,,,,,,,,,,
197409005,1974,9005,CT,Litchfield County,146220,91391,46478,44913,,714,,,251,90426,rural,Northeast,New England,78,45860,920.49,,,,,,,,,,,,,,,,,,,,,,,,,,,,,,,,,,,,,,,,,,,1,14,28,30,,,,,,,,,,,,
197509005,1975,9005,CT,Litchfield County,148703,93771,47669,46102,,731,,,289,92751,rural,Northeast,New England,78,45860,920.49,,,,,,,,,,,,,,,,,,,,,,,,,,,,,,,,,,,,,,,,,,,1,14,28,30,,,,,,,,,,,,
197609005,1976,9005,CT,Litchfield County,150157,95596,48582,47014,,746,,,322,94528,rural,Northeast,New England,78,45860,920.49,,,,,,,,,,,,,,,,,,,,,,,,,,,,,,,,,,,,,,,,,,,1,14,28,30,,,,,,,,,,,,
197709005,1977,9005,CT,Litchfield County,149087,95496,48509,46987,,741,,,350,94405,rural,Northeast,New England,78,45860,920.49,,,,,,,,,,,,,,,,,,,,,,,,,,,,,,,,,,,,,,,,,,,1,14,28,30,63346,3611,239,3372,5,23,39,172,1235,1800,337,0
197809005,1978,9005,CT,Litchfield County,153724,99510,50533,48977,,769,,,398,98343,rural,Northeast,New England,78,45860,920.49,,,,,,,,,,,,,,,,,,,,,,,,,,,,,,,,,,,,,,,,,,,1,14,28,30,96117,2391,138,2253,3,2,17,116,712,1358,183,0
197909005,1979,9005,CT,Litchfield County,155615,101394,51461,49933,,775,,,442,100177,rural,Northeast,New England,78,45860,920.49,,,,,,,,,,,,,,,,,,,,,,,,,,,,,,,,,,,,,,,,,,,1,14,28,30,,,,,,,,,,,,
198009005,1980,9005,CT,Litchfield County,157330,103021,52263,50758,,798,,,500,101723,rural,Northeast,New England,78,45860,920.49,,,,,,,,,,,,,,,,,,,,,,,,,,,,,,,,,,,,,,,,,,,1,14,28,30,98550,3467,161,3306,0,9,30,122,1105,1922,257,22
198109005,1981,9005,CT,Litchfield County,158750,104650,53008,51642,,833,,,572,103245,rural,Northeast,New England,78,45860,920.49,,,,,,,,,,,,,,,,,,,,,,,,,,,,,,,,,,,,,,,,,,,1,14,28,30,99720,3393,179,3214,2,11,32,134,984,1910,292,28
198209005,1982,9005,CT,Litchfield County,159432,105480,53347,52133,,865,,,641,103974,rural,Northeast,New England,78,45860,920.49,,,,,,,,,,,,,,,,,,,,,,,,,,,,,,,,,,,,,,,,,,,1,14,28,30,100390,3166,112,3054,0,18,25,69,903,1837,254,60
198309005,1983,9005,CT,Litchfield County,160715,106595,53811,52784,,895,,,695,105005,rural,Northeast,New England,78,45860,920.49,,,,,,,,,,,,,,,,,,,,,,,,,,,,,,,,,,,,,,,,,,,1,14,28,30,99908,2905,129,2776,2,18,25,84,802,1731,216,27
198409005,1984,9005,CT,Litchfield County,161021,107242,54053,53189,,917,,,762,105563,rural,Northeast,New England,78,45860,920.49,,,,,,,,,,,,,,,,,,,,,,,,,,,,,,,,,,,,,,,,,,,1,14,28,30,96946,2633,119,2514,4,24,20,71,816,1474,194,30
198509005,1985,9005,CT,Litchfield County,162395,108448,54584,53864,,954,,,835,106659,rural,Northeast,New England,78,45860,920.49,,,,,,,,,,,,,,,,,,,,,,,,,,,,,,,,,,,,,,,,,,,1,14,28,30,97554,2762,143,2619,4,25,23,91,790,1592,213,24
198609005,1986,9005,CT,Litchfield County,165084,110433,55458,54975,,991,,,909,108533,rural,Northeast,New England,78,45860,920.49,,,,,,,,,,,,,,,,,,,,,,,,,,,,,,,,,,,,,,,,,,,1,14,28,30,98170,3055,223,2832,1,32,25,165,819,1762,227,24
198709005,1987,9005,CT,Litchfield County,167517,112013,56166,55847,,1033,,,991,109989,rural,Northeast,New England,78,45860,920.49,,,,,,,,,,,,,,,,,,,,,,,,,,,,,,,,,,,,,,,,,,,1,14,28,30,98723,3000,315,2685,0,39,27,249,635,1792,234,24
198809005,1988,9005,CT,Litchfield County,169824,113345,56742,56603,,1074,,,1073,111198,rural,Northeast,New England,78,45860,920.49,,,,,,,,,,,,,,,,,,,,,,,,,,,,,,,,,,,,,,,,,,,1,14,28,30,99860,2990,229,2761,0,31,24,174,680,1818,243,20
198909005,1989,9005,CT,Litchfield County,172757,114745,57365,57380,,1107,,,1153,112485,rural,Northeast,New England,78,45860,920.49,,,,,,,,,,,,,,,,,,,,,,,,,,,,,,,,,,,,,,,,,,,1,14,28,30,100859,3128,195,2933,4,31,31,129,658,1945,299,31
199009005,1990,9005,CT,Litchfield County,174462,115420,57632,57788,959,1068,1319,213,,111861,rural,Northeast,New England,78,45860,920.49,,,,,,,,,,,,,,,,,,,,,,,,,,,,,,,,,,,,,,,,,,,1,14,28,30,104979,3595,189,3406,4,25,31,129,800,2306,273,27
199109005,1991,9005,CT,Litchfield County,175469,115379,57674,57705,1035,1096,1415,217,,111616,rural,Northeast,New England,78,45860,920.49,,,,,,,,,,,,,,,,,,,,,,,,,,,,,,,,,,,,,,,,,,,1,14,28,30,105099,3948,167,3781,3,24,21,119,918,2508,329,26
199209005,1992,9005,CT,Litchfield County,176261,115335,57673,57662,1098,1123,1492,223,,111399,rural,Northeast,New England,78,45860,920.49,,,,,,,,,,,,,,,,,,,,,,,,,,,,,,,,,,,,,,,,,,,1,14,28,30,104777,3414,162,3252,2,29,20,111,806,2148,286,12
199309005,1993,9005,CT,Litchfield County,177147,115271,57703,57568,1171,1149,1595,235,,111121,rural,Northeast,New England,78,45860,920.49,,,,,,,,,,,,,,,,,,,,,,,,,,,,,,,,,,,,,,,,,,,1,14,28,30,,,,,,,,,,,,
199409005,1994,9005,CT,Litchfield County,177588,115186,57684,57502,1210,1165,1680,237,,110894,rural,Northeast,New England,78,45860,920.49,,,,,,,,,,,,,,,,,,,,,,,,,,,,,,,,,,,,,,,,,,,1,14,28,30,106023,3117,233,2884,3,18,33,179,611,2016,240,17
199509005,1995,9005,CT,Litchfield County,178258,115464,57785,57679,1270,1201,1792,239,,110962,rural,Northeast,New England,78,45860,920.49,,,,,,,,,,,,,,,,,,,,,,,,,,,,,,,,,,,,,,,,,,,1,14,28,30,107383,3108,178,2930,0,11,25,142,581,2067,260,22
199609005,1996,9005,CT,Litchfield County,179236,116156,58192,57964,1329,1229,1923,246,,111429,rural,Northeast,New England,78,45860,920.49,,,,,,,,,,,,,,,,,,,,,,,,,,,,,,,,,,,,,,,,,,,1,14,28,30,107347,2938,125,2813,1,11,8,105,624,1951,227,11
199709005,1997,9005,CT,Litchfield County,179770,116951,58620,58331,1387,1262,2061,255,,111986,rural,Northeast,New England,78,45860,920.49,,,,,,,,,,,,,,,,,,,,,,,,,,,,,,,,,,,,,,,,,,,1,14,28,30,107213,2706,126,2580,0,5,23,98,566,1802,205,7
199809005,1998,9005,CT,Litchfield County,180506,117455,58909,58546,1446,1296,2172,252,,112289,rural,Northeast,New England,78,45860,920.49,,,,,,,,,,,,,,,,,,,,,,,,,,,,,,,,,,,,,,,,,,,1,14,28,30,112785,2552,157,2395,2,14,19,122,544,1647,191,13
199909005,1999,9005,CT,Litchfield County,181328,118176,59359,58817,1520,1341,2291,258,,112766,rural,Northeast,New England,78,45860,920.49,,,,,,,,,,,,,,,,,,,,,,,,,,,,,,,,,,,,,,,,,,,1,14,28,30,112589,2209,128,2081,2,11,17,98,373,1584,113,11
200009005,2000,9005,CT,Litchfield County,182597,119268,59948,59320,1616,1378,2482,260,,113532,rural,Northeast,New England,78,45860,920.49,,,,,,,,,,,,,,,,,,,,,,,,,,,,,,,,,,,,,,,,,,,1,14,28,30,113785,2355,167,2188,0,13,15,139,345,1710,125,8
200109005,2001,9005,CT,Litchfield County,184118,120586,60642,59944,1739,1385,2825,269,,114368,rural,Northeast,New England,78,45860,920.49,,,,,,,,,,,,,,,,,,,,,,,,,,,,,,,,,,,,,,,,,,,1,14,28,30,114437,2225,194,2031,1,11,12,170,321,1531,165,14
200209005,2002,9005,CT,Litchfield County,185974,122402,61508,60894,1829,1465,3145,275,,115688,rural,Northeast,New England,78,45860,920.49,,,,,,,,,,,,,,,,,,,,,,,,,,,,,,,,,,,,,,,,,,,1,14,28,30,115620,2373,207,2166,3,14,27,163,421,1615,114,16
200309005,2003,9005,CT,Litchfield County,187424,123871,62222,61649,1929,1495,3461,274,,116712,rural,Northeast,New England,78,45860,920.49,,,,,,,,,,,,,,,,,,,,,,,,,,,,,,,,,,,,,,,,,,,1,14,28,30,116979,2545,190,2355,0,16,25,149,454,1737,153,11
200409005,2004,9005,CT,Litchfield County,188601,125184,62823,62361,1995,1565,3884,275,,117465,rural,Northeast,New England,78,45860,920.49,,,,,,,,,,,,,,,,,,,,,,,,,,,,,,,,,,,,,,,,,,,1,14,28,30,117530,2291,148,2143,4,10,22,112,393,1588,147,15
200509005,2005,9005,CT,Litchfield County,188912,126159,63252,62907,2069,1627,4241,273,,117949,rural,Northeast,New England,78,45860,920.49,,,,,,,,,,,,,,,,,,,,,,,,,,,,,,,,,,,,,,,,,,,1,14,28,30,117831,2440,179,2261,0,9,25,145,465,1657,130,9
200609005,2006,9005,CT,Litchfield County,189682,126972,63800,63172,2109,1738,4675,264,,118186,rural,Northeast,New England,78,45860,920.49,,,,,,,,,,,,,,,,,,,,,,,,,,,,,,,,,,,,,,,,,,,1,14,28,30,117786,2360,202,2158,1,23,19,159,442,1576,125,15
200709005,2007,9005,CT,Litchfield County,189866,127217,63813,63404,2146,1775,4960,260,,118076,rural,Northeast,New England,78,45860,920.49,,,,,,,,,,,,,,,,,,,,,,,,,,,,,,,,,,,,,,,,,,,1,14,28,30,118391,2153,156,1997,1,17,30,108,388,1439,149,21
200809005,2008,9005,CT,Litchfield County,190175,127236,63813,63423,2199,1821,5136,262,,117818,rural,Northeast,New England,78,45860,920.49,,,,,,,,,,,,,,,,,,,,,,,,,,,,,,,,,,,,,,,,,,,1,14,28,30,116928,2241,146,2095,1,24,24,97,426,1550,102,17
200909005,2009,9005,CT,Litchfield County,190015,127052,63710,63342,2186,1869,5379,262,,117356,rural,Northeast,New England,78,45860,920.49,,,,,,,,,,,,,,,,,,,,,,,,,,,,,,,,,,,,,,,,,,,1,14,28,30,116447,2158,154,2004,1,27,24,102,377,1545,80,2
201009005,2010,9005,CT,Litchfield County,189926,126870,63654,63216,2167,1829,5476,271,,117127,rural,Northeast,New England,78,45860,920.49,,,,,,,,,,,,,,,,,,,,,,,,,,,,,,,,,,,,,,,,,,,1,14,28,30,118411,2392,136,2256,0,32,22,82,386,1779,81,10
201109005,2011,9005,CT,Litchfield County,189829,126800,63631,63169,2204,1845,5534,267,,116950,rural,Northeast,New England,78,45860,920.49,,,,,,,,,,,,,,,,,,,,,,,,,,,,,,,,,,,,,,,,,,,1,14,28,30,118631,2356,134,2222,0,28,28,78,374,1756,78,14
201209005,2012,9005,CT,Litchfield County,189076,126233,63391,62842,2330,1903,5810,257,,115933,rural,Northeast,New England,78,45860,920.49,,,,,,,,,,,,,,,,,,,,,,,,,,,,,,,,,,,,,,,,,,,1,14,28,30,118014,2499,125,2374,2,38,19,66,386,1877,103,8
201309005,2013,9005,CT,Litchfield County,187685,124570,62487,62083,2392,1920,6046,268,,113944,rural,Northeast,New England,78,45860,920.49,,,,,,,,,,,,,,,,,,,,,,,,,,,,,,,,,,,,,,,,,,,1,14,28,30,116380,2294,153,2141,2,30,22,99,304,1708,118,11
201409005,2014,9005,CT,Litchfield County,187062,123746,61925,61821,2475,1979,6388,259,,112645,rural,Northeast,New England,78,45860,920.49,,,,,,,,,,,,,,,,,,,,,,,,,,,,,,,,,,,,,,,,,,,1,14,28,30,115968,1981,109,1872,2,11,22,74,276,1514,78,4
201509005,2015,9005,CT,Litchfield County,185585,122399,61234,61165,2537,2064,6757,273,,110768,rural,Northeast,New England,78,45860,920.49,,,,,,,,,,,,,,,,,,,,,,,,,,,,,,,,,,,,,,,,,,,1,14,28,30,,,,,,,,,,,,
201609005,2016,9005,CT,Litchfield County,184349,120998,60482,60516,2592,2118,7051,262,,108975,rural,Northeast,New England,78,45860,920.49,,,,,,,,,,,,,,,,,,,,,,,,,,,,,,,,,,,,,,,,,,,1,14,28,30,,,,,,,,,,,,
197009007,1970,9007,CT,Middlesex County,115430,71275,35901,35374,,2012,,,194,69069,suburban,Northeast,New England,78,25540,369.304,,,,,,,,,,,,,,,,,,,,,,,,,,,,,,,,,,,,,,,,,,,1,7,8,14,,,,,,,,,,,,
197109007,1971,9007,CT,Middlesex County,117096,72940,36647,36293,,2113,,,222,70605,suburban,Northeast,New England,78,25540,369.304,,,,,,,,,,,,,,,,,,,,,,,,,,,,,,,,,,,,,,,,,,,1,7,8,14,,,,,,,,,,,,
197209007,1972,9007,CT,Middlesex County,119507,75343,37765,37578,,2238,,,250,72855,suburban,Northeast,New England,78,25540,369.304,,,,,,,,,,,,,,,,,,,,,,,,,,,,,,,,,,,,,,,,,,,1,7,8,14,,,,,,,,,,,,
197309007,1973,9007,CT,Middlesex County,121976,77836,38971,38865,,2376,,,278,75182,suburban,Northeast,New England,78,25540,369.304,,,,,,,,,,,,,,,,,,,,,,,,,,,,,,,,,,,,,,,,,,,1,7,8,14,,,,,,,,,,,,
197409007,1974,9007,CT,Middlesex County,124075,80086,40086,40000,,2497,,,307,77282,suburban,Northeast,New England,78,25540,369.304,,,,,,,,,,,,,,,,,,,,,,,,,,,,,,,,,,,,,,,,,,,1,7,8,14,,,,,,,,,,,,
197509007,1975,9007,CT,Middlesex County,124899,81351,40715,40636,,2601,,,338,78412,suburban,Northeast,New England,78,25540,369.304,,,,,,,,,,,,,,,,,,,,,,,,,,,,,,,,,,,,,,,,,,,1,7,8,14,,,,,,,,,,,,
197609007,1976,9007,CT,Middlesex County,125246,82439,41318,41121,,2697,,,368,79374,suburban,Northeast,New England,78,25540,369.304,,,,,,,,,,,,,,,,,,,,,,,,,,,,,,,,,,,,,,,,,,,1,7,8,14,,,,,,,,,,,,
197709007,1977,9007,CT,Middlesex County,124719,82696,41503,41193,,2763,,,398,79535,suburban,Northeast,New England,78,25540,369.304,,,,,,,,,,,,,,,,,,,,,,,,,,,,,,,,,,,,,,,,,,,1,7,8,14,53400,4046,231,3815,3,24,55,149,1416,1979,420,0
197809007,1978,9007,CT,Middlesex County,126689,84745,42590,42155,,2895,,,436,81414,suburban,Northeast,New England,78,25540,369.304,,,,,,,,,,,,,,,,,,,,,,,,,,,,,,,,,,,,,,,,,,,1,7,8,14,71257,2962,133,2829,3,10,33,87,744,1742,343,0
197909007,1979,9007,CT,Middlesex County,128373,86487,43516,42971,,3018,,,473,82996,suburban,Northeast,New England,78,25540,369.304,,,,,,,,,,,,,,,,,,,,,,,,,,,,,,,,,,,,,,,,,,,1,7,8,14,,,,,,,,,,,,
198009007,1980,9007,CT,Middlesex County,129350,87712,44176,43536,,3169,,,530,84013,suburban,Northeast,New England,78,25540,369.304,,,,,,,,,,,,,,,,,,,,,,,,,,,,,,,,,,,,,,,,,,,1,7,8,14,68181,3313,153,3160,3,12,65,73,1048,1790,297,25
198109007,1981,9007,CT,Middlesex County,130096,88805,44696,44109,,3277,,,612,84916,suburban,Northeast,New England,78,25540,369.304,,,,,,,,,,,,,,,,,,,,,,,,,,,,,,,,,,,,,,,,,,,1,7,8,14,68991,3443,136,3307,3,14,48,71,920,2026,341,20
198209007,1982,9007,CT,Middlesex County,130086,89110,44826,44284,,3349,,,673,85088,suburban,Northeast,New England,78,25540,369.304,,,,,,,,,,,,,,,,,,,,,,,,,,,,,,,,,,,,,,,,,,,1,7,8,14,69454,3358,157,3201,4,8,30,115,808,2146,230,17
198309007,1983,9007,CT,Middlesex County,131028,89989,45221,44768,,3444,,,745,85800,suburban,Northeast,New England,78,25540,369.304,,,,,,,,,,,,,,,,,,,,,,,,,,,,,,,,,,,,,,,,,,,1,7,8,14,79531,3424,156,3268,4,21,44,87,832,2185,239,12
198409007,1984,9007,CT,Middlesex County,133346,91941,46172,45769,,3577,,,829,87535,suburban,Northeast,New England,78,25540,369.304,,,,,,,,,,,,,,,,,,,,,,,,,,,,,,,,,,,,,,,,,,,1,7,8,14,79123,3210,162,3048,0,14,40,108,833,1958,239,18
198509007,1985,9007,CT,Middlesex County,134187,92764,46564,46200,,3662,,,908,88194,suburban,Northeast,New England,78,25540,369.304,,,,,,,,,,,,,,,,,,,,,,,,,,,,,,,,,,,,,,,,,,,1,7,8,14,79619,3289,208,3081,1,19,59,129,807,2039,217,18
198609007,1986,9007,CT,Middlesex County,135580,93885,47061,46824,,3769,,,988,89128,suburban,Northeast,New England,78,25540,369.304,,,,,,,,,,,,,,,,,,,,,,,,,,,,,,,,,,,,,,,,,,,1,7,8,14,80751,2823,221,2602,1,20,68,132,787,1575,230,10
198709007,1987,9007,CT,Middlesex County,138438,95820,48010,47810,,3915,,,1079,90826,suburban,Northeast,New England,78,25540,369.304,,,,,,,,,,,,,,,,,,,,,,,,,,,,,,,,,,,,,,,,,,,1,7,8,14,82846,3726,229,3497,1,24,50,154,789,2409,284,15
198809007,1988,9007,CT,Middlesex County,140716,97217,48667,48550,,4038,,,1167,92012,suburban,Northeast,New England,78,25540,369.304,,,,,,,,,,,,,,,,,,,,,,,,,,,,,,,,,,,,,,,,,,,1,7,8,14,83821,3869,290,3579,2,13,51,224,766,2523,276,14
198909007,1989,9007,CT,Middlesex County,142428,97962,49017,48945,,4132,,,1250,92580,suburban,Northeast,New England,78,25540,369.304,,,,,,,,,,,,,,,,,,,,,,,,,,,,,,,,,,,,,,,,,,,1,7,8,14,84147,3975,317,3658,7,12,67,231,769,2528,335,26
199009007,1990,9007,CT,Middlesex County,143514,98300,49165,49135,1123,4066,1865,175,,91071,suburban,Northeast,New England,78,25540,369.304,,,,,,,,,,,,,,,,,,,,,,,,,,,,,,,,,,,,,,,,,,,1,7,8,14,87795,4047,285,3762,0,17,64,204,700,2684,352,26
199109007,1991,9007,CT,Middlesex County,144146,98134,49128,49006,1232,4116,1951,178,,90657,suburban,Northeast,New England,78,25540,369.304,,,,,,,,,,,,,,,,,,,,,,,,,,,,,,,,,,,,,,,,,,,1,7,8,14,87897,4120,175,3945,5,20,45,105,801,2680,442,22
199209007,1992,9007,CT,Middlesex County,144486,97631,48923,48708,1302,4106,2016,186,,90021,suburban,Northeast,New England,78,25540,369.304,,,,,,,,,,,,,,,,,,,,,,,,,,,,,,,,,,,,,,,,,,,1,7,8,14,87627,3627,192,3435,0,18,35,139,607,2436,372,20
199309007,1993,9007,CT,Middlesex County,145617,97745,49054,48691,1392,4174,2122,190,,89867,suburban,Northeast,New England,78,25540,369.304,,,,,,,,,,,,,,,,,,,,,,,,,,,,,,,,,,,,,,,,,,,1,7,8,14,,,,,,,,,,,,
199409007,1994,9007,CT,Middlesex County,146682,98077,49267,48810,1471,4218,2216,188,,89984,suburban,Northeast,New England,78,25540,369.304,,,,,,,,,,,,,,,,,,,,,,,,,,,,,,,,,,,,,,,,,,,1,7,8,14,87937,3639,157,3482,2,12,38,105,671,2478,322,11
199509007,1995,9007,CT,Middlesex County,148119,98865,49595,49270,1580,4339,2349,199,,90398,suburban,Northeast,New England,78,25540,369.304,,,,,,,,,,,,,,,,,,,,,,,,,,,,,,,,,,,,,,,,,,,1,7,8,14,89026,3370,133,3237,0,9,48,76,558,2375,295,9
199609007,1996,9007,CT,Middlesex County,148995,99436,49904,49532,1645,4411,2477,198,,90705,suburban,Northeast,New England,78,25540,369.304,,,,,,,,,,,,,,,,,,,,,,,,,,,,,,,,,,,,,,,,,,,1,7,8,14,88995,3421,130,3291,2,5,47,76,553,2479,250,9
199709007,1997,9007,CT,Middlesex County,150377,100567,50500,50067,1752,4512,2627,214,,91462,suburban,Northeast,New England,78,25540,369.304,,,,,,,,,,,,,,,,,,,,,,,,,,,,,,,,,,,,,,,,,,,1,7,8,14,97351,3224,175,3049,0,6,62,107,443,2318,283,5
199809007,1998,9007,CT,Middlesex County,151807,101473,50997,50476,1850,4636,2747,210,,92030,suburban,Northeast,New England,78,25540,369.304,,,,,,,,,,,,,,,,,,,,,,,,,,,,,,,,,,,,,,,,,,,1,7,8,14,99036,2965,125,2840,3,10,44,68,403,2142,289,6
199909007,1999,9007,CT,Middlesex County,153340,102562,51588,50974,1972,4734,2889,221,,92746,suburban,Northeast,New England,78,25540,369.304,,,,,,,,,,,,,,,,,,,,,,,,,,,,,,,,,,,,,,,,,,,1,7,8,14,99168,2304,90,2214,0,9,29,52,305,1714,192,3
200009007,2000,9007,CT,Middlesex County,155593,104285,52494,51791,2105,4847,3105,210,,94018,suburban,Northeast,New England,78,25540,369.304,,,,,,,,,,,,,,,,,,,,,,,,,,,,,,,,,,,,,,,,,,,1,7,8,14,101583,2514,104,2410,2,8,32,62,336,1859,213,2
200109007,2001,9007,CT,Middlesex County,157006,105453,53109,52344,2257,4872,3292,217,,94815,suburban,Northeast,New England,78,25540,369.304,,,,,,,,,,,,,,,,,,,,,,,,,,,,,,,,,,,,,,,,,,,1,7,8,14,102164,2254,101,2153,2,14,36,49,366,1588,195,4
200209007,2002,9007,CT,Middlesex County,159187,106994,53885,53109,2437,5028,3506,226,,95797,suburban,Northeast,New England,78,25540,369.304,,,,,,,,,,,,,,,,,,,,,,,,,,,,,,,,,,,,,,,,,,,1,7,8,14,103222,2080,76,2004,0,4,31,41,306,1529,164,5
200309007,2003,9007,CT,Middlesex County,160864,108263,54573,53690,2583,5114,3718,218,,96630,suburban,Northeast,New England,78,25540,369.304,,,,,,,,,,,,,,,,,,,,,,,,,,,,,,,,,,,,,,,,,,,1,7,8,14,105062,2435,92,2343,0,6,31,55,273,1878,186,6
200409007,2004,9007,CT,Middlesex County,161450,108885,54852,54033,2730,5259,3915,201,,96780,suburban,Northeast,New England,78,25540,369.304,,,,,,,,,,,,,,,,,,,,,,,,,,,,,,,,,,,,,,,,,,,1,7,8,14,106106,2444,85,2359,2,3,39,41,265,1920,161,13
200509007,2005,9007,CT,Middlesex County,162191,109587,55300,54287,2884,5304,4100,221,,97078,suburban,Northeast,New England,78,25540,369.304,,,,,,,,,,,,,,,,,,,,,,,,,,,,,,,,,,,,,,,,,,,1,7,8,14,106298,2709,102,2607,3,13,37,49,318,2087,197,5
200609007,2006,9007,CT,Middlesex County,163473,110714,55823,54891,3026,5428,4375,216,,97669,suburban,Northeast,New England,78,25540,369.304,,,,,,,,,,,,,,,,,,,,,,,,,,,,,,,,,,,,,,,,,,,1,7,8,14,106727,2656,99,2557,2,6,44,47,359,1959,231,8
200709007,2007,9007,CT,Middlesex County,164129,111140,56072,55068,3133,5419,4560,208,,97820,suburban,Northeast,New England,78,25540,369.304,,,,,,,,,,,,,,,,,,,,,,,,,,,,,,,,,,,,,,,,,,,1,7,8,14,108020,2442,91,2351,0,8,44,39,313,1875,160,3
200809007,2008,9007,CT,Middlesex County,164962,111449,56167,55282,3292,5441,4831,184,,97701,suburban,Northeast,New England,78,25540,369.304,,,,,,,,,,,,,,,,,,,,,,,,,,,,,,,,,,,,,,,,,,,1,7,8,14,108268,2945,130,2815,3,14,61,52,360,2304,144,7
200909007,2009,9007,CT,Middlesex County,165607,111633,56300,55333,3434,5582,4981,191,,97445,suburban,Northeast,New England,78,25540,369.304,,,,,,,,,,,,,,,,,,,,,,,,,,,,,,,,,,,,,,,,,,,1,7,8,14,108643,2719,107,2612,2,5,45,55,376,2104,126,6
201009007,2010,9007,CT,Middlesex County,165676,111679,56340,55339,3394,5640,5106,205,,97334,suburban,Northeast,New England,78,25540,369.304,,,,,,,,,,,,,,,,,,,,,,,,,,,,,,,,,,,,,,,,,,,1,7,8,14,107622,2552,125,2427,0,12,41,72,455,1859,105,8
201109007,2011,9007,CT,Middlesex County,165625,111657,56331,55326,3441,5621,5174,210,,97211,suburban,Northeast,New England,78,25540,369.304,,,,,,,,,,,,,,,,,,,,,,,,,,,,,,,,,,,,,,,,,,,1,7,8,14,107822,2313,127,2186,1,23,37,66,306,1779,96,5
201209007,2012,9007,CT,Middlesex County,166265,112031,56542,55489,3560,5707,5580,216,,96968,suburban,Northeast,New England,78,25540,369.304,,,,,,,,,,,,,,,,,,,,,,,,,,,,,,,,,,,,,,,,,,,1,7,8,14,108152,2026,134,1892,2,19,37,76,316,1457,115,4
201309007,2013,9007,CT,Middlesex County,165519,111049,56025,55024,3682,5832,5756,209,,95570,suburban,Northeast,New England,78,25540,369.304,,,,,,,,,,,,,,,,,,,,,,,,,,,,,,,,,,,,,,,,,,,1,7,8,14,107326,1781,112,1669,1,20,32,59,224,1353,89,3
201409007,2014,9007,CT,Middlesex County,165293,110648,55823,54825,3739,5890,6095,226,,94698,suburban,Northeast,New England,78,25540,369.304,,,,,,,,,,,,,,,,,,,,,,,,,,,,,,,,,,,,,,,,,,,1,7,8,14,107239,1849,123,1726,0,13,27,83,216,1421,85,4
201509007,2015,9007,CT,Middlesex County,164717,110030,55498,54532,3807,5921,6357,220,,93725,suburban,Northeast,New England,78,25540,369.304,,,,,,,,,,,,,,,,,,,,,,,,,,,,,,,,,,,,,,,,,,,1,7,8,14,,,,,,,,,,,,
201609007,2016,9007,CT,Middlesex County,163698,109025,55030,53995,3953,5905,6607,201,,92359,suburban,Northeast,New England,78,25540,369.304,,,,,,,,,,,,,,,,,,,,,,,,,,,,,,,,,,,,,,,,,,,1,7,8,14,,,,,,,,,,,,
197009009,1970,9009,CT,New Haven County,747360,466982,241333,225649,,32161,,,1778,433043,small/mid,Northeast,New England,78,35300,604.502,,,,,,,,,,,,,,,,,,,,,,,,,,,,,,,,,,,,,,,,,,,17,1297,3735,3786,,,,,,,,,,,,
197109009,1971,9009,CT,New Haven County,757031,476413,245825,230588,,33386,,,1967,441060,small/mid,Northeast,New England,78,35300,604.502,,,,,,,,,,,,,,,,,,,,,,,,,,,,,,,,,,,,,,,,,,,17,1297,3735,3786,,,,,,,,,,,,
197209009,1972,9009,CT,New Haven County,758128,481085,247910,233175,,34418,,,2157,444510,small/mid,Northeast,New England,78,35300,604.502,,,,,,,,,,,,,,,,,,,,,,,,,,,,,,,,,,,,,,,,,,,17,1297,3735,3786,,,,,,,,,,,,
197309009,1973,9009,CT,New Haven County,756781,484200,249494,234706,,35376,,,2352,446472,small/mid,Northeast,New England,78,35300,604.502,,,,,,,,,,,,,,,,,,,,,,,,,,,,,,,,,,,,,,,,,,,17,1297,3735,3786,,,,,,,,,,,,
197409009,1974,9009,CT,New Haven County,759277,489804,252528,237276,,36459,,,2565,450780,small/mid,Northeast,New England,78,35300,604.502,,,,,,,,,,,,,,,,,,,,,,,,,,,,,,,,,,,,,,,,,,,17,1297,3735,3786,,,,,,,,,,,,
197509009,1975,9009,CT,New Haven County,759648,493477,254622,238855,,37542,,,2789,453146,small/mid,Northeast,New England,78,35300,604.502,,,,,,,,,,,,,,,,,,,,,,,,,,,,,,,,,,,,,,,,,,,17,1297,3735,3786,,,,,,,,,,,,
197609009,1976,9009,CT,New Haven County,758264,496177,256154,240023,,38625,,,3021,454531,small/mid,Northeast,New England,78,35300,604.502,,,,,,,,,,,,,,,,,,,,,,,,,,,,,,,,,,,,,,,,,,,17,1297,3735,3786,,,,,,,,,,,,
197709009,1977,9009,CT,New Haven County,757919,499055,257769,241286,,39791,,,3269,455995,small/mid,Northeast,New England,78,35300,604.502,,,,,,,,,,,,,,,,,,,,,,,,,,,,,,,,,,,,,,,,,,,17,1297,3735,3786,510451,49130,2895,46235,54,280,1227,1334,16709,23463,6063,0
197809009,1978,9009,CT,New Haven County,757128,501551,259232,242319,,40902,,,3526,457123,small/mid,Northeast,New England,78,35300,604.502,,,,,,,,,,,,,,,,,,,,,,,,,,,,,,,,,,,,,,,,,,,17,1297,3735,3786,617368,40820,2306,38514,26,129,1373,778,12524,20931,5059,0
197909009,1979,9009,CT,New Haven County,760223,506265,261752,244513,,42236,,,3811,460218,small/mid,Northeast,New England,78,35300,604.502,,,,,,,,,,,,,,,,,,,,,,,,,,,,,,,,,,,,,,,,,,,17,1297,3735,3786,,,,,,,,,,,,
198009009,1980,9009,CT,New Haven County,762277,509632,263529,246103,,44053,,,4171,461408,small/mid,Northeast,New England,78,35300,604.502,,,,,,,,,,,,,,,,,,,,,,,,,,,,,,,,,,,,,,,,,,,17,1297,3735,3786,721104,51657,3527,48130,42,181,2257,1047,14906,27295,5530,399
198109009,1981,9009,CT,New Haven County,763369,512623,264696,247927,,45223,,,4659,462741,small/mid,Northeast,New England,78,35300,604.502,,,,,,,,,,,,,,,,,,,,,,,,,,,,,,,,,,,,,,,,,,,17,1297,3735,3786,729672,49893,3821,46072,40,223,2393,1165,14453,26147,5064,408
198209009,1982,9009,CT,New Haven County,764876,514246,265171,249075,,46267,,,5128,462851,small/mid,Northeast,New England,78,35300,604.502,,,,,,,,,,,,,,,,,,,,,,,,,,,,,,,,,,,,,,,,,,,17,1297,3735,3786,734564,46100,3149,42951,43,196,1801,1109,12493,25583,4549,326
198309009,1983,9009,CT,New Haven County,770969,518489,266899,251590,,47519,,,5591,465379,small/mid,Northeast,New England,78,35300,604.502,,,,,,,,,,,,,,,,,,,,,,,,,,,,,,,,,,,,,,,,,,,17,1297,3735,3786,731059,42533,3236,39297,36,205,1968,1027,10865,24223,3830,379
198409009,1984,9009,CT,New Haven County,776264,523019,268853,254166,,48790,,,6101,468128,small/mid,Northeast,New England,78,35300,604.502,,,,,,,,,,,,,,,,,,,,,,,,,,,,,,,,,,,,,,,,,,,17,1297,3735,3786,730732,39890,3412,36478,28,267,1709,1408,9738,22677,3765,298
198509009,1985,9009,CT,New Haven County,783090,527872,271035,256837,,50058,,,6630,471184,small/mid,Northeast,New England,78,35300,604.502,,,,,,,,,,,,,,,,,,,,,,,,,,,,,,,,,,,,,,,,,,,17,1297,3735,3786,733068,42506,3690,38816,28,280,1718,1664,10149,24042,4273,352
198609009,1986,9009,CT,New Haven County,789522,531986,272554,259432,,51346,,,7167,473473,small/mid,Northeast,New England,78,35300,604.502,,,,,,,,,,,,,,,,,,,,,,,,,,,,,,,,,,,,,,,,,,,17,1297,3735,3786,740449,43854,3794,40060,35,241,1781,1737,11029,24743,3934,354
198709009,1987,9009,CT,New Haven County,796486,535267,273908,261359,,52656,,,7707,474904,small/mid,Northeast,New England,78,35300,604.502,,,,,,,,,,,,,,,,,,,,,,,,,,,,,,,,,,,,,,,,,,,17,1297,3735,3786,742305,45714,3857,41857,46,252,1657,1902,11184,25280,5110,283
198809009,1988,9009,CT,New Haven County,801338,536396,274081,262315,,53815,,,8248,474333,small/mid,Northeast,New England,78,35300,604.502,,,,,,,,,,,,,,,,,,,,,,,,,,,,,,,,,,,,,,,,,,,17,1297,3735,3786,751705,52769,4861,47908,52,261,2118,2430,13076,27625,6863,344
198909009,1989,9009,CT,New Haven County,804006,534384,272724,261660,,54575,,,8764,471045,small/mid,Northeast,New England,78,35300,604.502,,,,,,,,,,,,,,,,,,,,,,,,,,,,,,,,,,,,,,,,,,,17,1297,3735,3786,751434,53585,5069,48516,57,238,2203,2571,13162,27862,7242,250
199009009,1990,9009,CT,New Haven County,805366,532099,271181,260918,7855,52405,33270,969,,437600,small/mid,Northeast,New England,78,35300,604.502,,,,,,,,,,,,,,,,,,,,,,,,,,,,,,,,,,,,,,,,,,,17,1297,3735,3786,762250,57085,6031,51054,43,307,2509,3172,12532,30109,8171,242
199109009,1991,9009,CT,New Haven County,807490,529746,269961,259785,8645,53349,35127,1006,,431619,small/mid,Northeast,New England,78,35300,604.502,,,,,,,,,,,,,,,,,,,,,,,,,,,,,,,,,,,,,,,,,,,17,1297,3735,3786,763139,55579,5699,49880,55,267,2144,3233,12363,28868,8368,281
199209009,1992,9009,CT,New Haven County,808659,527462,268681,258781,9400,53918,36768,1028,,426348,small/mid,Northeast,New England,78,35300,604.502,,,,,,,,,,,,,,,,,,,,,,,,,,,,,,,,,,,,,,,,,,,17,1297,3735,3786,760805,51964,5313,46651,55,310,2009,2939,10820,28659,6853,319
199309009,1993,9009,CT,New Haven County,808977,524787,267393,257394,10163,54725,38595,1058,,420246,small/mid,Northeast,New England,78,35300,604.502,,,,,,,,,,,,,,,,,,,,,,,,,,,,,,,,,,,,,,,,,,,17,1297,3735,3786,,,,,,,,,,,,
199409009,1994,9009,CT,New Haven County,809178,523490,266580,256910,10767,55436,40466,1082,,415739,small/mid,Northeast,New England,78,35300,604.502,,,,,,,,,,,,,,,,,,,,,,,,,,,,,,,,,,,,,,,,,,,17,1297,3735,3786,749590,48465,4411,44054,57,238,1841,2275,9372,27491,6916,275
199509009,1995,9009,CT,New Haven County,809157,522591,266518,256073,11529,55846,42155,1088,,411973,small/mid,Northeast,New England,78,35300,604.502,,,,,,,,,,,,,,,,,,,,,,,,,,,,,,,,,,,,,,,,,,,17,1297,3735,3786,745046,48188,3905,44283,41,250,1577,2037,9674,28220,6196,193
199609009,1996,9009,CT,New Haven County,811000,524430,267481,256949,12187,56658,44562,1136,,409887,small/mid,Northeast,New England,78,35300,604.502,,,,,,,,,,,,,,,,,,,,,,,,,,,,,,,,,,,,,,,,,,,17,1297,3735,3786,744803,45926,4497,41429,48,250,1871,2328,9436,26262,5566,165
199709009,1997,9009,CT,New Haven County,813505,527671,269132,258539,12985,57775,46977,1175,,408759,small/mid,Northeast,New England,78,35300,604.502,,,,,,,,,,,,,,,,,,,,,,,,,,,,,,,,,,,,,,,,,,,17,1297,3735,3786,743884,42508,4065,38443,36,234,1700,2095,7976,25640,4670,157
199809009,1998,9009,CT,New Haven County,817313,530205,270543,259662,13732,58997,49003,1179,,407294,small/mid,Northeast,New England,78,35300,604.502,,,,,,,,,,,,,,,,,,,,,,,,,,,,,,,,,,,,,,,,,,,17,1297,3735,3786,750168,40385,3985,36400,30,228,1408,2319,6628,25663,3938,171
199909009,1999,9009,CT,New Haven County,820396,532484,271819,260665,14705,59928,51285,1222,,405344,small/mid,Northeast,New England,78,35300,604.502,,,,,,,,,,,,,,,,,,,,,,,,,,,,,,,,,,,,,,,,,,,17,1297,3735,3786,751183,34376,3578,30798,24,190,1334,2030,5531,21834,3287,146
200009009,2000,9009,CT,New Haven County,824911,536411,273869,262542,15596,60927,53829,1297,,404762,small/mid,Northeast,New England,78,35300,604.502,,,,,,,,,,,,,,,,,,,,,,,,,,,,,,,,,,,,,,,,,,,17,1297,3735,3786,776627,32380,2966,29414,41,209,1136,1580,4744,20998,3567,105
200109009,2001,9009,CT,New Haven County,829875,542316,277067,265249,16618,61987,56914,1309,,405488,small/mid,Northeast,New England,78,35300,604.502,,,,,,,,,,,,,,,,,,,,,,,,,,,,,,,,,,,,,,,,,,,17,1297,3735,3786,781077,32986,3346,29640,31,179,1355,1781,5008,20876,3663,93
200209009,2002,9009,CT,New Haven County,835099,548816,280230,268586,17681,63536,60101,1324,,406174,small/mid,Northeast,New England,78,35300,604.502,,,,,,,,,,,,,,,,,,,,,,,,,,,,,,,,,,,,,,,,,,,17,1297,3735,3786,789156,31259,3026,28233,19,217,1266,1524,5164,19745,3249,75
200309009,2003,9009,CT,New Haven County,841939,556052,284193,271859,18837,64910,63259,1354,,407692,small/mid,Northeast,New England,78,35300,604.502,,,,,,,,,,,,,,,,,,,,,,,,,,,,,,,,,,,,,,,,,,,17,1297,3735,3786,791744,30824,2975,27849,19,191,1332,1433,4573,19841,3362,73
200409009,2004,9009,CT,New Haven County,844505,560658,286479,274179,19620,66119,66158,1343,,407418,small/mid,Northeast,New England,78,35300,604.502,,,,,,,,,,,,,,,,,,,,,,,,,,,,,,,,,,,,,,,,,,,17,1297,3735,3786,796448,31547,3266,28281,20,189,1373,1684,4739,20070,3365,107
200509009,2005,9009,CT,New Haven County,847162,566407,288966,277441,20487,67674,69615,1338,,407293,small/mid,Northeast,New England,78,35300,604.502,,,,,,,,,,,,,,,,,,,,,,,,,,,,,,,,,,,,,,,,,,,17,1297,3735,3786,796330,28141,2113,26028,10,151,978,974,4242,18851,2846,89
200609009,2006,9009,CT,New Haven County,850207,571161,291871,279290,21265,69163,73265,1314,,406154,small/mid,Northeast,New England,78,35300,604.502,,,,,,,,,,,,,,,,,,,,,,,,,,,,,,,,,,,,,,,,,,,17,1297,3735,3786,669239,21439,1304,20135,17,138,601,548,3114,14992,1927,102
200709009,2007,9009,CT,New Haven County,853598,574796,293899,280897,21988,70751,76848,1357,,403852,small/mid,Northeast,New England,78,35300,604.502,,,,,,,,,,,,,,,,,,,,,,,,,,,,,,,,,,,,,,,,,,,17,1297,3735,3786,795004,30570,3542,27028,23,155,1484,1880,4459,19474,3042,53
200809009,2008,9009,CT,New Haven County,856622,576938,295120,281818,22315,72207,80529,1322,,400565,small/mid,Northeast,New England,78,35300,604.502,,,,,,,,,,,,,,,,,,,,,,,,,,,,,,,,,,,,,,,,,,,17,1297,3735,3786,794634,31554,3657,27897,32,174,1408,2043,4314,20711,2815,57
200909009,2009,9009,CT,New Haven County,860025,579846,296953,282893,22959,73188,83824,1335,,398540,small/mid,Northeast,New England,78,35300,604.502,,,,,,,,,,,,,,,,,,,,,,,,,,,,,,,,,,,,,,,,,,,17,1297,3735,3786,794705,29738,3586,26152,29,144,1426,1987,4236,19427,2436,53
201009009,2010,9009,CT,New Haven County,862462,581714,297880,283834,23303,73741,86196,1312,,397162,small/mid,Northeast,New England,78,35300,604.502,,,,,,,,,,,,,,,,,,,,,,,,,,,,,,,,,,,,,,,,,,,17,1297,3735,3786,808873,28116,3365,24751,40,121,1236,1968,4175,18221,2299,56
201109009,2011,9009,CT,New Haven County,863618,583010,298417,284593,23516,74053,86879,1310,,397252,small/mid,Northeast,New England,78,35300,604.502,,,,,,,,,,,,,,,,,,,,,,,,,,,,,,,,,,,,,,,,,,,17,1297,3735,3786,810372,27180,3110,24070,50,110,1252,1698,4262,17453,2302,53
201209009,2012,9009,CT,New Haven County,864725,584727,299030,285697,24301,74964,89543,1321,,394598,small/mid,Northeast,New England,78,35300,604.502,,,,,,,,,,,,,,,,,,,,,,,,,,,,,,,,,,,,,,,,,,,17,1297,3735,3786,809772,27821,3388,24433,33,140,1351,1864,4218,18049,2108,58
201309009,2013,9009,CT,New Haven County,865335,583095,298163,284932,25476,75661,92076,1324,,388558,small/mid,Northeast,New England,78,35300,604.502,,,,,,,,,,,,,,,,,,,,,,,,,,,,,,,,,,,,,,,,,,,17,1297,3735,3786,808809,26046,3174,22872,29,162,1367,1616,3504,16852,2483,33
201409009,2014,9009,CT,New Haven County,864558,581256,297153,284103,25803,76671,94706,1302,,382774,small/mid,Northeast,New England,78,35300,604.502,,,,,,,,,,,,,,,,,,,,,,,,,,,,,,,,,,,,,,,,,,,17,1297,3735,3786,807947,24370,2691,21679,26,179,1101,1385,3304,16078,2241,56
201509009,2015,9009,CT,New Haven County,864073,579842,296257,283585,26582,77333,97145,1312,,377470,small/mid,Northeast,New England,78,35300,604.502,,,,,,,,,,,,,,,,,,,,,,,,,,,,,,,,,,,,,,,,,,,17,1297,3735,3786,,,,,,,,,,,,
201609009,2016,9009,CT,New Haven County,861594,576928,294487,282441,27227,78028,99665,1321,,370687,small/mid,Northeast,New England,78,35300,604.502,,,,,,,,,,,,,,,,,,,,,,,,,,,,,,,,,,,,,,,,,,,17,1297,3735,3786,,,,,,,,,,,,
197009011,1970,9011,CT,New London County,231317,143274,69938,73336,,4386,,,1148,137740,small/mid,Northeast,New England,78,35980,665.141,,,,,,,,,,,,,,,,,,,,,,,,,,,,,,,,,,,,,,,,,,,5,1260,3589,3653,,,,,,,,,,,,
197109011,1971,9011,CT,New London County,233976,146109,71433,74676,,4572,,,1232,140305,small/mid,Northeast,New England,78,35980,665.141,,,,,,,,,,,,,,,,,,,,,,,,,,,,,,,,,,,,,,,,,,,5,1260,3589,3653,,,,,,,,,,,,
197209011,1972,9011,CT,New London County,238859,150901,73887,77014,,4821,,,1334,144746,small/mid,Northeast,New England,78,35980,665.141,,,,,,,,,,,,,,,,,,,,,,,,,,,,,,,,,,,,,,,,,,,5,1260,3589,3653,,,,,,,,,,,,
197309011,1973,9011,CT,New London County,238139,151990,74504,77486,,4958,,,1412,145620,small/mid,Northeast,New England,78,35980,665.141,,,,,,,,,,,,,,,,,,,,,,,,,,,,,,,,,,,,,,,,,,,5,1260,3589,3653,,,,,,,,,,,,
197409011,1974,9011,CT,New London County,238364,153891,75137,78754,,5133,,,1505,147253,small/mid,Northeast,New England,78,35980,665.141,,,,,,,,,,,,,,,,,,,,,,,,,,,,,,,,,,,,,,,,,,,5,1260,3589,3653,,,,,,,,,,,,
197509011,1975,9011,CT,New London County,241630,157769,76833,80936,,5385,,,1626,150758,small/mid,Northeast,New England,78,35980,665.141,,,,,,,,,,,,,,,,,,,,,,,,,,,,,,,,,,,,,,,,,,,5,1260,3589,3653,,,,,,,,,,,,
197609011,1976,9011,CT,New London County,241969,159723,77600,82123,,5546,,,1714,152463,small/mid,Northeast,New England,78,35980,665.141,,,,,,,,,,,,,,,,,,,,,,,,,,,,,,,,,,,,,,,,,,,5,1260,3589,3653,,,,,,,,,,,,
197709011,1977,9011,CT,New London County,241266,160787,77863,82924,,5689,,,1802,153296,small/mid,Northeast,New England,78,35980,665.141,,,,,,,,,,,,,,,,,,,,,,,,,,,,,,,,,,,,,,,,,,,5,1260,3589,3653,127326,9008,560,8448,9,70,130,351,2947,4732,769,0
197809011,1978,9011,CT,New London County,242731,163461,78768,84693,,5912,,,1919,155630,small/mid,Northeast,New England,78,35980,665.141,,,,,,,,,,,,,,,,,,,,,,,,,,,,,,,,,,,,,,,,,,,5,1260,3589,3653,157581,7052,476,6576,1,26,153,296,2102,3997,477,0
197909011,1979,9011,CT,New London County,240812,163173,78571,84602,,6023,,,2000,155150,small/mid,Northeast,New England,78,35980,665.141,,,,,,,,,,,,,,,,,,,,,,,,,,,,,,,,,,,,,,,,,,,5,1260,3589,3653,,,,,,,,,,,,
198009011,1980,9011,CT,New London County,239335,162911,78434,84477,,6214,,,2120,154577,small/mid,Northeast,New England,78,35980,665.141,,,,,,,,,,,,,,,,,,,,,,,,,,,,,,,,,,,,,,,,,,,5,1260,3589,3653,156213,8606,409,8197,3,53,141,212,2032,5351,619,195
198109011,1981,9011,CT,New London County,241995,165674,79663,86011,,6528,,,2270,156876,small/mid,Northeast,New England,78,35980,665.141,,,,,,,,,,,,,,,,,,,,,,,,,,,,,,,,,,,,,,,,,,,5,1260,3589,3653,158069,8652,509,8143,3,61,179,266,2068,5333,605,137
198209011,1982,9011,CT,New London County,243042,166839,80151,86688,,6769,,,2398,157672,small/mid,Northeast,New England,78,35980,665.141,,,,,,,,,,,,,,,,,,,,,,,,,,,,,,,,,,,,,,,,,,,5,1260,3589,3653,159127,8428,501,7927,6,60,159,276,2050,5341,491,45
198309011,1983,9011,CT,New London County,246802,169655,81398,88257,,7092,,,2529,160034,small/mid,Northeast,New England,78,35980,665.141,,,,,,,,,,,,,,,,,,,,,,,,,,,,,,,,,,,,,,,,,,,5,1260,3589,3653,158366,8657,455,8202,2,56,170,227,2282,5346,511,63
198409011,1984,9011,CT,New London County,248993,171657,82276,89381,,7367,,,2680,161610,small/mid,Northeast,New England,78,35980,665.141,,,,,,,,,,,,,,,,,,,,,,,,,,,,,,,,,,,,,,,,,,,5,1260,3589,3653,157063,7346,424,6922,9,49,148,218,1765,4697,406,54
198509011,1985,9011,CT,New London County,248206,171361,82080,89281,,7540,,,2793,161028,small/mid,Northeast,New England,78,35980,665.141,,,,,,,,,,,,,,,,,,,,,,,,,,,,,,,,,,,,,,,,,,,5,1260,3589,3653,158049,7469,426,7043,3,67,145,211,1660,4862,455,66
198609011,1986,9011,CT,New London County,248768,171820,82167,89653,,7760,,,2927,161133,small/mid,Northeast,New England,78,35980,665.141,,,,,,,,,,,,,,,,,,,,,,,,,,,,,,,,,,,,,,,,,,,5,1260,3589,3653,148766,7652,476,7176,4,41,161,270,1837,4794,509,36
198709011,1987,9011,CT,New London County,250550,172711,82562,90149,,8005,,,3070,161636,small/mid,Northeast,New England,78,35980,665.141,,,,,,,,,,,,,,,,,,,,,,,,,,,,,,,,,,,,,,,,,,,5,1260,3589,3653,156482,8036,527,7509,5,55,175,292,1818,5134,518,39
198809011,1988,9011,CT,New London County,252896,173726,83004,90722,,8273,,,3223,162230,small/mid,Northeast,New England,78,35980,665.141,,,,,,,,,,,,,,,,,,,,,,,,,,,,,,,,,,,,,,,,,,,5,1260,3589,3653,157405,8033,561,7472,6,59,141,355,1554,5361,522,35
198909011,1989,9011,CT,New London County,253804,173271,82766,90505,,8438,,,3365,161468,small/mid,Northeast,New England,78,35980,665.141,,,,,,,,,,,,,,,,,,,,,,,,,,,,,,,,,,,,,,,,,,,5,1260,3589,3653,153952,7974,701,7273,10,87,144,460,1626,5080,498,69
199009011,1990,9011,CT,New London County,255474,173558,82895,90663,2304,8082,5529,915,,156728,small/mid,Northeast,New England,78,35980,665.141,,,,,,,,,,,,,,,,,,,,,,,,,,,,,,,,,,,,,,,,,,,5,1260,3589,3653,150141,7969,651,7318,2,44,165,440,1672,5119,483,44
199109011,1991,9011,CT,New London County,255761,172341,82785,89556,2479,8176,5795,969,,154922,small/mid,Northeast,New England,78,35980,665.141,,,,,,,,,,,,,,,,,,,,,,,,,,,,,,,,,,,,,,,,,,,5,1260,3589,3653,150314,8325,711,7614,4,67,162,478,1778,5307,489,40
199209011,1992,9011,CT,New London County,252306,168343,81654,86689,2598,8179,5912,1020,,150634,small/mid,Northeast,New England,78,35980,665.141,,,,,,,,,,,,,,,,,,,,,,,,,,,,,,,,,,,,,,,,,,,5,1260,3589,3653,149854,6991,657,6334,0,69,154,434,1361,4568,358,47
199309011,1993,9011,CT,New London County,253886,168592,81717,86875,2799,8419,6250,1083,,150041,small/mid,Northeast,New England,78,35980,665.141,,,,,,,,,,,,,,,,,,,,,,,,,,,,,,,,,,,,,,,,,,,5,1260,3589,3653,,,,,,,,,,,,
199409011,1994,9011,CT,New London County,255618,169282,82407,86875,2939,8674,6569,1155,,149945,small/mid,Northeast,New England,78,35980,665.141,,,,,,,,,,,,,,,,,,,,,,,,,,,,,,,,,,,,,,,,,,,5,1260,3589,3653,139568,5970,541,5429,5,82,123,331,1028,3995,357,49
199509011,1995,9011,CT,New London County,257828,170700,83093,87607,3146,8980,6934,1231,,150409,small/mid,Northeast,New England,78,35980,665.141,,,,,,,,,,,,,,,,,,,,,,,,,,,,,,,,,,,,,,,,,,,5,1260,3589,3653,138623,6333,622,5711,5,73,178,366,1061,4268,350,32
199609011,1996,9011,CT,New London County,258741,171596,83613,87983,3318,9171,7333,1342,,150432,small/mid,Northeast,New England,78,35980,665.141,,,,,,,,,,,,,,,,,,,,,,,,,,,,,,,,,,,,,,,,,,,5,1260,3589,3653,138575,5747,528,5219,5,93,127,303,1017,3800,382,20
199709011,1997,9011,CT,New London County,258662,171816,84109,87707,3494,9354,7671,1416,,149881,small/mid,Northeast,New England,78,35980,665.141,,,,,,,,,,,,,,,,,,,,,,,,,,,,,,,,,,,,,,,,,,,5,1260,3589,3653,138403,6123,620,5503,6,131,153,330,1155,3986,331,31
199809011,1998,9011,CT,New London County,256627,170144,83754,86390,3601,9474,7864,1488,,147717,small/mid,Northeast,New England,78,35980,665.141,,,,,,,,,,,,,,,,,,,,,,,,,,,,,,,,,,,,,,,,,,,5,1260,3589,3653,148679,5879,584,5295,7,83,165,329,1013,3854,389,39
199909011,1999,9011,CT,New London County,257568,171044,84253,86791,3819,9710,8266,1600,,147649,small/mid,Northeast,New England,78,35980,665.141,,,,,,,,,,,,,,,,,,,,,,,,,,,,,,,,,,,,,,,,,,,5,1260,3589,3653,134851,4653,530,4123,4,62,146,318,792,3042,268,21
200009011,2000,9011,CT,New London County,259848,172850,85228,87622,4030,9933,8675,1726,,148486,small/mid,Northeast,New England,78,35980,665.141,,,,,,,,,,,,,,,,,,,,,,,,,,,,,,,,,,,,,,,,,,,5,1260,3589,3653,138753,4600,501,4099,1,86,122,292,788,2996,281,34
200109011,2001,9011,CT,New London County,261396,174880,86102,88778,4323,10392,9350,1734,,149081,small/mid,Northeast,New England,78,35980,665.141,,,,,,,,,,,,,,,,,,,,,,,,,,,,,,,,,,,,,,,,,,,5,1260,3589,3653,139549,4492,479,4013,4,63,145,267,699,2996,286,32
200209011,2002,9011,CT,New London County,264698,177901,87366,90535,4930,10804,10159,1760,,150248,small/mid,Northeast,New England,78,35980,665.141,,,,,,,,,,,,,,,,,,,,,,,,,,,,,,,,,,,,,,,,,,,5,1260,3589,3653,140992,4498,465,4033,5,97,158,205,731,2969,307,26
200309011,2003,9011,CT,New London County,266584,179737,88641,91096,5674,11008,10986,1767,,150302,small/mid,Northeast,New England,78,35980,665.141,,,,,,,,,,,,,,,,,,,,,,,,,,,,,,,,,,,,,,,,,,,5,1260,3589,3653,140788,4227,510,3717,7,98,158,247,632,2820,238,27
200409011,2004,9011,CT,New London County,268595,181809,89242,92567,6267,11092,11668,1724,,151058,small/mid,Northeast,New England,78,35980,665.141,,,,,,,,,,,,,,,,,,,,,,,,,,,,,,,,,,,,,,,,,,,5,1260,3589,3653,140481,4356,541,3815,11,106,146,278,633,2919,236,27
200509011,2005,9011,CT,New London County,269664,183591,90097,93494,6872,11235,12369,1703,,151412,small/mid,Northeast,New England,78,35980,665.141,,,,,,,,,,,,,,,,,,,,,,,,,,,,,,,,,,,,,,,,,,,5,1260,3589,3653,141228,4243,465,3778,2,75,132,256,680,2799,261,38
200609011,2006,9011,CT,New London County,270814,184946,90775,94171,7370,11497,13084,1695,,151300,small/mid,Northeast,New England,78,35980,665.141,,,,,,,,,,,,,,,,,,,,,,,,,,,,,,,,,,,,,,,,,,,5,1260,3589,3653,141192,3943,347,3596,3,34,167,143,499,2795,271,31
200709011,2007,9011,CT,New London County,270669,184924,90898,94026,7818,11673,13513,1658,,150262,small/mid,Northeast,New England,78,35980,665.141,,,,,,,,,,,,,,,,,,,,,,,,,,,,,,,,,,,,,,,,,,,5,1260,3589,3653,138644,3999,460,3539,3,51,112,294,710,2565,236,28
200809011,2008,9011,CT,New London County,272634,186109,91368,94741,8421,11868,14327,1667,,149826,small/mid,Northeast,New England,78,35980,665.141,,,,,,,,,,,,,,,,,,,,,,,,,,,,,,,,,,,,,,,,,,,5,1260,3589,3653,142186,4082,508,3574,6,57,92,353,707,2649,185,33
200909011,2009,9011,CT,New London County,273630,186637,91596,95041,8771,12023,14997,1690,,149156,small/mid,Northeast,New England,78,35980,665.141,,,,,,,,,,,,,,,,,,,,,,,,,,,,,,,,,,,,,,,,,,,5,1260,3589,3653,138611,4154,549,3605,4,58,130,357,639,2789,159,18
201009011,2010,9011,CT,New London County,274059,186708,91545,95163,8951,12105,15406,1703,,148543,small/mid,Northeast,New England,78,35980,665.141,,,,,,,,,,,,,,,,,,,,,,,,,,,,,,,,,,,,,,,,,,,5,1260,3589,3653,146290,3899,540,3359,5,50,120,365,745,2437,144,33
201109011,2011,9011,CT,New London County,274036,186743,91518,95225,9021,12143,15567,1704,,148308,small/mid,Northeast,New England,78,35980,665.141,,,,,,,,,,,,,,,,,,,,,,,,,,,,,,,,,,,,,,,,,,,5,1260,3589,3653,146560,3789,579,3210,5,62,107,405,646,2394,140,30
201209011,2012,9011,CT,New London County,273226,186101,91343,94758,9190,12037,16238,1694,,146942,small/mid,Northeast,New England,78,35980,665.141,,,,,,,,,,,,,,,,,,,,,,,,,,,,,,,,,,,,,,,,,,,5,1260,3589,3653,146391,3973,571,3402,5,42,99,425,662,2537,168,35
201309011,2013,9011,CT,New London County,274280,186181,91053,95128,9235,12371,17090,1725,,145760,small/mid,Northeast,New England,78,35980,665.141,,,,,,,,,,,,,,,,,,,,,,,,,,,,,,,,,,,,,,,,,,,5,1260,3589,3653,146149,3985,530,3455,4,58,95,373,787,2494,150,24
201409011,2014,9011,CT,New London County,273388,184954,90340,94614,9093,12653,17648,1751,,143809,small/mid,Northeast,New England,78,35980,665.141,,,,,,,,,,,,,,,,,,,,,,,,,,,,,,,,,,,,,,,,,,,5,1260,3589,3653,146061,3632,433,3199,0,64,88,281,547,2419,212,21
201509011,2015,9011,CT,New London County,271864,183030,89442,93588,9055,12623,18053,1715,,141584,small/mid,Northeast,New England,78,35980,665.141,,,,,,,,,,,,,,,,,,,,,,,,,,,,,,,,,,,,,,,,,,,5,1260,3589,3653,,,,,,,,,,,,
201609011,2016,9011,CT,New London County,270266,181106,88523,92583,9007,12663,18500,1715,,139221,small/mid,Northeast,New England,78,35980,665.141,,,,,,,,,,,,,,,,,,,,,,,,,,,,,,,,,,,,,,,,,,,5,1260,3589,3653,,,,,,,,,,,,
197009013,1970,9013,CT,Tolland County,103855,67186,33213,33973,,934,,,313,65939,suburban,Northeast,New England,78,25540,410.352,,,,,,,,,,,,,,,,,,,,,,,,,,,,,,,,,,,,,,,,,,,3,980,3222,3242,,,,,,,,,,,,
197109013,1971,9013,CT,Tolland County,105541,68976,33999,34977,,987,,,344,67645,suburban,Northeast,New England,78,25540,410.352,,,,,,,,,,,,,,,,,,,,,,,,,,,,,,,,,,,,,,,,,,,3,980,3222,3242,,,,,,,,,,,,
197209013,1972,9013,CT,Tolland County,110152,72955,35895,37060,,1071,,,380,71504,suburban,Northeast,New England,78,25540,410.352,,,,,,,,,,,,,,,,,,,,,,,,,,,,,,,,,,,,,,,,,,,3,980,3222,3242,,,,,,,,,,,,
197309013,1973,9013,CT,Tolland County,110783,74216,36494,37722,,1119,,,411,72686,suburban,Northeast,New England,78,25540,410.352,,,,,,,,,,,,,,,,,,,,,,,,,,,,,,,,,,,,,,,,,,,3,980,3222,3242,,,,,,,,,,,,
197409013,1974,9013,CT,Tolland County,112069,75956,37337,38619,,1175,,,443,74338,suburban,Northeast,New England,78,25540,410.352,,,,,,,,,,,,,,,,,,,,,,,,,,,,,,,,,,,,,,,,,,,3,980,3222,3242,,,,,,,,,,,,
197509013,1975,9013,CT,Tolland County,111640,76396,37549,38847,,1218,,,469,74709,suburban,Northeast,New England,78,25540,410.352,,,,,,,,,,,,,,,,,,,,,,,,,,,,,,,,,,,,,,,,,,,3,980,3222,3242,,,,,,,,,,,,
197609013,1976,9013,CT,Tolland County,111837,77422,38103,39319,,1262,,,501,75659,suburban,Northeast,New England,78,25540,410.352,,,,,,,,,,,,,,,,,,,,,,,,,,,,,,,,,,,,,,,,,,,3,980,3222,3242,,,,,,,,,,,,
197709013,1977,9013,CT,Tolland County,110071,76946,37889,39057,,1299,,,524,75123,suburban,Northeast,New England,78,25540,410.352,,,,,,,,,,,,,,,,,,,,,,,,,,,,,,,,,,,,,,,,,,,3,980,3222,3242,42776,3355,167,3188,3,24,46,94,1169,1714,305,0
197809013,1978,9013,CT,Tolland County,114182,80719,39813,40906,,1385,,,571,78763,suburban,Northeast,New England,78,25540,410.352,,,,,,,,,,,,,,,,,,,,,,,,,,,,,,,,,,,,,,,,,,,3,980,3222,3242,41321,2775,79,2696,1,2,18,58,762,1796,138,0
197909013,1979,9013,CT,Tolland County,114456,81561,40267,41294,,1430,,,597,79534,suburban,Northeast,New England,78,25540,410.352,,,,,,,,,,,,,,,,,,,,,,,,,,,,,,,,,,,,,,,,,,,3,980,3222,3242,,,,,,,,,,,,
198009013,1980,9013,CT,Tolland County,115306,82715,40827,41888,,1524,,,669,80522,suburban,Northeast,New England,78,25540,410.352,,,,,,,,,,,,,,,,,,,,,,,,,,,,,,,,,,,,,,,,,,,3,980,3222,3242,40272,3208,61,3147,1,5,19,36,786,2031,217,113
198109013,1981,9013,CT,Tolland County,116612,84178,41555,42623,,1603,,,815,81760,suburban,Northeast,New England,78,25540,410.352,,,,,,,,,,,,,,,,,,,,,,,,,,,,,,,,,,,,,,,,,,,3,980,3222,3242,40751,3269,96,3173,1,8,19,68,884,2070,128,91
198209013,1982,9013,CT,Tolland County,117645,85209,42061,43148,,1670,,,951,82588,suburban,Northeast,New England,78,25540,410.352,,,,,,,,,,,,,,,,,,,,,,,,,,,,,,,,,,,,,,,,,,,3,980,3222,3242,41024,2803,69,2734,0,3,25,41,653,1888,132,61
198309013,1983,9013,CT,Tolland County,118569,86052,42464,43588,,1740,,,1074,83238,suburban,Northeast,New England,78,25540,410.352,,,,,,,,,,,,,,,,,,,,,,,,,,,,,,,,,,,,,,,,,,,3,980,3222,3242,40827,2164,103,2061,1,6,14,82,478,1429,104,50
198409013,1984,9013,CT,Tolland County,119625,87108,42987,44121,,1810,,,1211,84087,suburban,Northeast,New England,78,25540,410.352,,,,,,,,,,,,,,,,,,,,,,,,,,,,,,,,,,,,,,,,,,,3,980,3222,3242,41414,1837,98,1739,1,9,17,71,451,1198,76,14
198509013,1985,9013,CT,Tolland County,121017,88293,43588,44705,,1876,,,1355,85062,suburban,Northeast,New England,78,25540,410.352,,,,,,,,,,,,,,,,,,,,,,,,,,,,,,,,,,,,,,,,,,,3,980,3222,3242,41674,2054,97,1957,1,6,8,82,533,1335,82,7
198609013,1986,9013,CT,Tolland County,122417,89397,44101,45296,,1949,,,1500,85948,suburban,Northeast,New England,78,25540,410.352,,,,,,,,,,,,,,,,,,,,,,,,,,,,,,,,,,,,,,,,,,,3,980,3222,3242,42197,2232,123,2109,1,5,16,101,664,1345,94,6
198709013,1987,9013,CT,Tolland County,124831,91028,44914,46114,,2032,,,1653,87343,suburban,Northeast,New England,78,25540,410.352,,,,,,,,,,,,,,,,,,,,,,,,,,,,,,,,,,,,,,,,,,,3,980,3222,3242,48235,1995,218,1777,0,13,13,192,535,1142,95,5
198809013,1988,9013,CT,Tolland County,127436,92635,45686,46949,,2115,,,1818,88702,suburban,Northeast,New England,78,25540,410.352,,,,,,,,,,,,,,,,,,,,,,,,,,,,,,,,,,,,,,,,,,,3,980,3222,3242,39011,1797,101,1696,0,9,20,72,419,1165,102,10
198909013,1989,9013,CT,Tolland County,127860,92446,45585,46861,,2155,,,1950,88341,suburban,Northeast,New England,78,25540,410.352,,,,,,,,,,,,,,,,,,,,,,,,,,,,,,,,,,,,,,,,,,,3,980,3222,3242,38391,1777,132,1645,1,13,19,99,413,1127,94,11
199009013,1990,9013,CT,Tolland County,128966,92862,45760,47102,1901,2127,1599,148,,87087,suburban,Northeast,New England,78,25540,410.352,,,,,,,,,,,,,,,,,,,,,,,,,,,,,,,,,,,,,,,,,,,3,980,3222,3242,39904,1789,112,1677,0,5,20,87,418,1169,81,9
199109013,1991,9013,CT,Tolland County,129017,92204,45452,46752,2014,2200,1669,160,,86161,suburban,Northeast,New England,78,25540,410.352,,,,,,,,,,,,,,,,,,,,,,,,,,,,,,,,,,,,,,,,,,,3,980,3222,3242,39950,1930,105,1825,1,7,34,63,437,1300,82,6
199209013,1992,9013,CT,Tolland County,129093,91698,45131,46567,2072,2262,1758,167,,85439,suburban,Northeast,New England,78,25540,410.352,,,,,,,,,,,,,,,,,,,,,,,,,,,,,,,,,,,,,,,,,,,3,980,3222,3242,39828,1606,83,1523,0,5,14,64,313,1127,78,5
199309013,1993,9013,CT,Tolland County,129009,90972,44754,46218,2153,2343,1831,175,,84470,suburban,Northeast,New England,78,25540,410.352,,,,,,,,,,,,,,,,,,,,,,,,,,,,,,,,,,,,,,,,,,,3,980,3222,3242,,,,,,,,,,,,
199409013,1994,9013,CT,Tolland County,129665,91028,44608,46420,2182,2561,1970,189,,84126,suburban,Northeast,New England,78,25540,410.352,,,,,,,,,,,,,,,,,,,,,,,,,,,,,,,,,,,,,,,,,,,3,980,3222,3242,40237,1676,108,1568,1,4,27,76,323,1139,97,9
199509013,1995,9013,CT,Tolland County,130277,91178,44751,46427,2250,2519,2038,187,,84184,suburban,Northeast,New England,78,25540,410.352,,,,,,,,,,,,,,,,,,,,,,,,,,,,,,,,,,,,,,,,,,,3,980,3222,3242,40583,1476,92,1384,0,9,29,54,282,1007,90,5
199609013,1996,9013,CT,Tolland County,131245,91934,45148,46786,2301,2621,2169,203,,84640,suburban,Northeast,New England,78,25540,410.352,,,,,,,,,,,,,,,,,,,,,,,,,,,,,,,,,,,,,,,,,,,3,980,3222,3242,40569,1423,102,1321,0,2,35,65,265,967,83,6
199709013,1997,9013,CT,Tolland County,132614,93033,45672,47361,2369,2741,2330,223,,85370,suburban,Northeast,New England,78,25540,410.352,,,,,,,,,,,,,,,,,,,,,,,,,,,,,,,,,,,,,,,,,,,3,980,3222,3242,40518,1370,84,1286,0,5,19,60,245,962,75,4
199809013,1998,9013,CT,Tolland County,133541,93706,45999,47707,2431,2870,2468,231,,85706,suburban,Northeast,New England,78,25540,410.352,,,,,,,,,,,,,,,,,,,,,,,,,,,,,,,,,,,,,,,,,,,3,980,3222,3242,40660,1323,72,1251,0,4,12,56,249,882,115,5
199909013,1999,9013,CT,Tolland County,134939,94880,46578,48302,2529,2993,2635,240,,86483,suburban,Northeast,New England,78,25540,410.352,,,,,,,,,,,,,,,,,,,,,,,,,,,,,,,,,,,,,,,,,,,3,980,3222,3242,40444,1326,53,1273,0,3,14,36,208,970,80,15
200009013,2000,9013,CT,Tolland County,136863,96495,47307,49188,2677,3125,2945,228,,87520,suburban,Northeast,New England,78,25540,410.352,,,,,,,,,,,,,,,,,,,,,,,,,,,,,,,,,,,,,,,,,,,3,980,3222,3242,39567,1417,48,1369,0,2,18,28,203,1088,69,9
200109013,2001,9013,CT,Tolland County,138934,98097,48090,50007,2824,3180,3129,229,,88735,suburban,Northeast,New England,78,25540,410.352,,,,,,,,,,,,,,,,,,,,,,,,,,,,,,,,,,,,,,,,,,,3,980,3222,3242,39794,1447,87,1360,0,6,38,43,227,1063,57,13
200209013,2002,9013,CT,Tolland County,142362,101247,49473,51774,3093,3460,3474,233,,90987,suburban,Northeast,New England,78,25540,410.352,,,,,,,,,,,,,,,,,,,,,,,,,,,,,,,,,,,,,,,,,,,3,980,3222,3242,40204,1270,55,1215,0,3,21,31,234,912,63,6
200309013,2003,9013,CT,Tolland County,145195,103654,50628,53026,3372,3660,3771,229,,92622,suburban,Northeast,New England,78,25540,410.352,,,,,,,,,,,,,,,,,,,,,,,,,,,,,,,,,,,,,,,,,,,3,980,3222,3242,40961,1039,54,985,0,8,17,29,241,669,63,12
200409013,2004,9013,CT,Tolland County,146706,104989,51242,53747,3461,3720,3964,240,,93604,suburban,Northeast,New England,78,25540,410.352,,,,,,,,,,,,,,,,,,,,,,,,,,,,,,,,,,,,,,,,,,,3,980,3222,3242,41554,785,47,738,0,10,18,19,143,525,64,6
200509013,2005,9013,CT,Tolland County,147657,105989,51718,54271,3554,3794,4103,210,,94328,suburban,Northeast,New England,78,25540,410.352,,,,,,,,,,,,,,,,,,,,,,,,,,,,,,,,,,,,,,,,,,,3,980,3222,3242,41551,882,62,820,0,17,15,30,176,560,76,8
200609013,2006,9013,CT,Tolland County,148954,106972,52249,54723,3659,3895,4212,203,,95003,suburban,Northeast,New England,78,25540,410.352,,,,,,,,,,,,,,,,,,,,,,,,,,,,,,,,,,,,,,,,,,,3,980,3222,3242,41616,761,68,693,0,7,18,43,153,461,70,9
200709013,2007,9013,CT,Tolland County,149718,107399,52450,54949,3751,3907,4267,218,,95256,suburban,Northeast,New England,78,25540,410.352,,,,,,,,,,,,,,,,,,,,,,,,,,,,,,,,,,,,,,,,,,,3,980,3222,3242,42135,846,78,768,2,5,23,48,177,521,61,9
200809013,2008,9013,CT,Tolland County,151583,108570,52989,55581,4030,4051,4488,212,,95789,suburban,Northeast,New England,78,25540,410.352,,,,,,,,,,,,,,,,,,,,,,,,,,,,,,,,,,,,,,,,,,,3,980,3222,3242,42093,745,47,698,3,9,12,23,137,524,36,1
200909013,2009,9013,CT,Tolland County,152330,109257,53332,55925,4197,4133,4653,220,,96054,suburban,Northeast,New England,78,25540,410.352,,,,,,,,,,,,,,,,,,,,,,,,,,,,,,,,,,,,,,,,,,,3,980,3222,3242,42324,840,61,779,2,13,11,35,161,570,35,13
201009013,2010,9013,CT,Tolland County,152691,109409,53378,56031,4308,4150,4714,214,,96023,suburban,Northeast,New England,78,25540,410.352,,,,,,,,,,,,,,,,,,,,,,,,,,,,,,,,,,,,,,,,,,,3,980,3222,3242,41614,832,43,789,0,9,18,16,139,601,30,19
201109013,2011,9013,CT,Tolland County,153214,109913,53697,56216,4394,4192,4877,227,,96223,suburban,Northeast,New England,78,25540,410.352,,,,,,,,,,,,,,,,,,,,,,,,,,,,,,,,,,,,,,,,,,,3,980,3222,3242,41691,863,58,805,0,17,14,27,187,569,40,9
201209013,2012,9013,CT,Tolland County,153063,109951,53911,56040,4686,4177,5100,211,,95777,suburban,Northeast,New England,78,25540,410.352,,,,,,,,,,,,,,,,,,,,,,,,,,,,,,,,,,,,,,,,,,,3,980,3222,3242,41668,834,54,780,0,12,8,34,164,559,51,6
201309013,2013,9013,CT,Tolland County,151973,108679,53573,55106,4822,4021,5113,203,,94520,suburban,Northeast,New England,78,25540,410.352,,,,,,,,,,,,,,,,,,,,,,,,,,,,,,,,,,,,,,,,,,,3,980,3222,3242,41523,732,66,666,1,18,16,31,129,491,41,5
201409013,2014,9013,CT,Tolland County,151908,108369,53406,54963,4991,4109,5318,205,,93746,suburban,Northeast,New England,78,25540,410.352,,,,,,,,,,,,,,,,,,,,,,,,,,,,,,,,,,,,,,,,,,,3,980,3222,3242,41561,772,55,717,0,22,13,20,172,487,53,5
201509013,2015,9013,CT,Tolland County,151748,108185,53229,54956,5212,4220,5639,207,,92907,suburban,Northeast,New England,78,25540,410.352,,,,,,,,,,,,,,,,,,,,,,,,,,,,,,,,,,,,,,,,,,,3,980,3222,3242,,,,,,,,,,,,
201609013,2016,9013,CT,Tolland County,151717,108106,53226,54880,5489,4297,5914,218,,92188,suburban,Northeast,New England,78,25540,410.352,,,,,,,,,,,,,,,,,,,,,,,,,,,,,,,,,,,,,,,,,,,3,980,3222,3242,,,,,,,,,,,,
197009015,1970,9015,CT,Windham County,84788,51140,26531,24609,,342,,,130,50668,small/mid,Northeast,New England,78,49340,512.84,,,,,,,,,,,,,,,,,,,,,,,,,,,,,,,,,,,,,,,,,,,3,154,510,510,,,,,,,,,,,,
197109015,1971,9015,CT,Windham County,85895,52140,26968,25172,,348,,,150,51642,small/mid,Northeast,New England,78,49340,512.84,,,,,,,,,,,,,,,,,,,,,,,,,,,,,,,,,,,,,,,,,,,3,154,510,510,,,,,,,,,,,,
197209015,1972,9015,CT,Windham County,87743,53800,27724,26076,,367,,,165,53268,small/mid,Northeast,New England,78,49340,512.84,,,,,,,,,,,,,,,,,,,,,,,,,,,,,,,,,,,,,,,,,,,3,154,510,510,,,,,,,,,,,,
197309015,1973,9015,CT,Windham County,88852,54992,28286,26706,,375,,,185,54432,small/mid,Northeast,New England,78,49340,512.84,,,,,,,,,,,,,,,,,,,,,,,,,,,,,,,,,,,,,,,,,,,3,154,510,510,,,,,,,,,,,,
197409015,1974,9015,CT,Windham County,88999,55412,28461,26951,,382,,,202,54828,small/mid,Northeast,New England,78,49340,512.84,,,,,,,,,,,,,,,,,,,,,,,,,,,,,,,,,,,,,,,,,,,3,154,510,510,,,,,,,,,,,,
197509015,1975,9015,CT,Windham County,89491,56033,28758,27275,,395,,,219,55419,small/mid,Northeast,New England,78,49340,512.84,,,,,,,,,,,,,,,,,,,,,,,,,,,,,,,,,,,,,,,,,,,3,154,510,510,,,,,,,,,,,,
197609015,1976,9015,CT,Windham County,90382,57138,29290,27848,,404,,,239,56495,small/mid,Northeast,New England,78,49340,512.84,,,,,,,,,,,,,,,,,,,,,,,,,,,,,,,,,,,,,,,,,,,3,154,510,510,,,,,,,,,,,,
197709015,1977,9015,CT,Windham County,88881,56422,28884,27538,,402,,,257,55763,small/mid,Northeast,New England,78,49340,512.84,,,,,,,,,,,,,,,,,,,,,,,,,,,,,,,,,,,,,,,,,,,3,154,510,510,28705,1949,122,1827,3,15,23,81,711,966,150,0
197809015,1978,9015,CT,Windham County,91783,58902,30120,28782,,416,,,284,58202,small/mid,Northeast,New England,78,49340,512.84,,,,,,,,,,,,,,,,,,,,,,,,,,,,,,,,,,,,,,,,,,,3,154,510,510,32300,1300,62,1238,2,0,21,39,347,795,96,0
197909015,1979,9015,CT,Windham County,92278,59581,30422,29159,,422,,,308,58851,small/mid,Northeast,New England,78,49340,512.84,,,,,,,,,,,,,,,,,,,,,,,,,,,,,,,,,,,,,,,,,,,3,154,510,510,,,,,,,,,,,,
198009015,1980,9015,CT,Windham County,92547,60035,30628,29407,,442,,,342,59251,small/mid,Northeast,New England,78,49340,512.84,,,,,,,,,,,,,,,,,,,,,,,,,,,,,,,,,,,,,,,,,,,3,154,510,510,26050,1756,86,1670,1,10,20,55,522,1048,96,4
198109015,1981,9015,CT,Windham County,92982,60784,30978,29806,,486,,,385,59913,small/mid,Northeast,New England,78,49340,512.84,,,,,,,,,,,,,,,,,,,,,,,,,,,,,,,,,,,,,,,,,,,3,154,510,510,26359,1861,57,1804,0,7,9,41,542,1125,124,13
198209015,1982,9015,CT,Windham County,93594,61438,31285,30153,,519,,,426,60493,small/mid,Northeast,New England,78,49340,512.84,,,,,,,,,,,,,,,,,,,,,,,,,,,,,,,,,,,,,,,,,,,3,154,510,510,26536,1420,69,1351,0,5,21,43,351,915,73,12
198309015,1983,9015,CT,Windham County,93914,61826,31432,30394,,547,,,457,60822,small/mid,Northeast,New England,78,49340,512.84,,,,,,,,,,,,,,,,,,,,,,,,,,,,,,,,,,,,,,,,,,,3,154,510,510,39121,1659,94,1565,0,5,34,55,456,1009,94,6
198409015,1984,9015,CT,Windham County,94364,62395,31694,30701,,580,,,494,61321,small/mid,Northeast,New England,78,49340,512.84,,,,,,,,,,,,,,,,,,,,,,,,,,,,,,,,,,,,,,,,,,,3,154,510,510,39705,1578,83,1495,0,7,20,56,491,901,90,13
198509015,1985,9015,CT,Windham County,95452,63299,32125,31174,,617,,,536,62146,small/mid,Northeast,New England,78,49340,512.84,,,,,,,,,,,,,,,,,,,,,,,,,,,,,,,,,,,,,,,,,,,3,154,510,510,39954,1830,93,1737,0,8,29,56,523,1072,125,17
198609015,1986,9015,CT,Windham County,96216,63924,32386,31538,,649,,,581,62694,small/mid,Northeast,New England,78,49340,512.84,,,,,,,,,,,,,,,,,,,,,,,,,,,,,,,,,,,,,,,,,,,3,154,510,510,40396,1884,112,1772,1,8,30,73,543,1101,113,15
198709015,1987,9015,CT,Windham County,98038,65085,32942,32143,,692,,,626,63767,small/mid,Northeast,New England,78,49340,512.84,,,,,,,,,,,,,,,,,,,,,,,,,,,,,,,,,,,,,,,,,,,3,154,510,510,37582,1909,121,1788,1,9,21,90,497,1168,113,10
198809015,1988,9015,CT,Windham County,100113,66298,33511,32787,,736,,,687,64875,small/mid,Northeast,New England,78,49340,512.84,,,,,,,,,,,,,,,,,,,,,,,,,,,,,,,,,,,,,,,,,,,3,154,510,510,37939,1987,108,1879,3,11,35,59,467,1262,134,16
198909015,1989,9015,CT,Windham County,102017,67186,33927,33259,,769,,,728,65689,small/mid,Northeast,New England,78,49340,512.84,,,,,,,,,,,,,,,,,,,,,,,,,,,,,,,,,,,,,,,,,,,3,154,510,510,38179,2111,94,2017,0,8,25,61,535,1340,120,22
199009015,1990,9015,CT,Windham County,102758,67424,33989,33435,514,700,2577,222,,63411,small/mid,Northeast,New England,78,49340,512.84,,,,,,,,,,,,,,,,,,,,,,,,,,,,,,,,,,,,,,,,,,,3,154,510,510,38641,1779,75,1704,0,5,22,48,404,1195,99,6
199109015,1991,9015,CT,Windham County,103602,67799,34155,33644,553,759,2771,242,,63474,small/mid,Northeast,New England,78,49340,512.84,,,,,,,,,,,,,,,,,,,,,,,,,,,,,,,,,,,,,,,,,,,3,154,510,510,38684,1519,61,1458,0,3,15,43,392,978,86,2
199209015,1992,9015,CT,Windham County,104031,67938,34167,33771,587,829,2926,252,,63344,small/mid,Northeast,New England,78,49340,512.84,,,,,,,,,,,,,,,,,,,,,,,,,,,,,,,,,,,,,,,,,,,3,154,510,510,38565,1493,63,1430,1,1,26,35,335,990,101,4
199309015,1993,9015,CT,Windham County,104586,68159,34242,33917,619,894,3117,265,,63264,small/mid,Northeast,New England,78,49340,512.84,,,,,,,,,,,,,,,,,,,,,,,,,,,,,,,,,,,,,,,,,,,3,154,510,510,,,,,,,,,,,,
199409015,1994,9015,CT,Windham County,105306,68612,34416,34196,637,951,3300,282,,63442,small/mid,Northeast,New England,78,49340,512.84,,,,,,,,,,,,,,,,,,,,,,,,,,,,,,,,,,,,,,,,,,,3,154,510,510,38817,1316,76,1240,1,11,21,43,273,886,71,10
199509015,1995,9015,CT,Windham County,106313,69486,34781,34705,661,1030,3536,290,,63969,small/mid,Northeast,New England,78,49340,512.84,,,,,,,,,,,,,,,,,,,,,,,,,,,,,,,,,,,,,,,,,,,3,154,510,510,39077,1858,135,1723,2,7,35,91,385,1239,82,17
199609015,1996,9015,CT,Windham County,106891,70169,35106,35063,679,1110,3800,303,,64277,small/mid,Northeast,New England,78,49340,512.84,,,,,,,,,,,,,,,,,,,,,,,,,,,,,,,,,,,,,,,,,,,3,154,510,510,39064,1722,184,1538,0,8,38,138,338,1106,90,4
199709015,1997,9015,CT,Windham County,107399,70984,35441,35543,708,1195,4077,339,,64665,small/mid,Northeast,New England,78,49340,512.84,,,,,,,,,,,,,,,,,,,,,,,,,,,,,,,,,,,,,,,,,,,3,154,510,510,39015,1548,190,1358,0,8,27,155,294,965,92,7
199809015,1998,9015,CT,Windham County,107903,71594,35710,35884,729,1272,4309,361,,64923,small/mid,Northeast,New England,78,49340,512.84,,,,,,,,,,,,,,,,,,,,,,,,,,,,,,,,,,,,,,,,,,,3,154,510,510,39018,1714,158,1556,2,7,23,126,379,1079,89,9
199909015,1999,9015,CT,Windham County,108748,72532,36161,36371,761,1373,4609,390,,65399,small/mid,Northeast,New England,78,49340,512.84,,,,,,,,,,,,,,,,,,,,,,,,,,,,,,,,,,,,,,,,,,,3,154,510,510,39045,1535,192,1343,0,3,36,153,376,867,94,6
200009015,2000,9015,CT,Windham County,109185,73141,36459,36682,793,1456,4915,411,,65566,small/mid,Northeast,New England,78,49340,512.84,,,,,,,,,,,,,,,,,,,,,,,,,,,,,,,,,,,,,,,,,,,3,154,510,510,39444,1482,164,1318,0,10,30,124,316,919,74,9
200109015,2001,9015,CT,Windham County,109870,74019,36914,37105,854,1500,5093,429,,66143,small/mid,Northeast,New England,78,49340,512.84,,,,,,,,,,,,,,,,,,,,,,,,,,,,,,,,,,,,,,,,,,,3,154,510,510,39671,1382,120,1262,4,9,23,84,292,888,78,4
200209015,2002,9015,CT,Windham County,111078,75094,37429,37665,882,1544,5327,416,,66925,small/mid,Northeast,New England,78,49340,512.84,,,,,,,,,,,,,,,,,,,,,,,,,,,,,,,,,,,,,,,,,,,3,154,510,510,40080,1469,109,1360,1,5,37,66,294,978,85,3
200309015,2003,9015,CT,Windham County,112653,76533,38098,38435,965,1592,5509,433,,68034,small/mid,Northeast,New England,78,49340,512.84,,,,,,,,,,,,,,,,,,,,,,,,,,,,,,,,,,,,,,,,,,,3,154,510,510,40420,1158,118,1040,0,15,47,56,203,758,73,6
200409015,2004,9015,CT,Windham County,114316,78098,38858,39240,1077,1639,5813,441,,69128,small/mid,Northeast,New England,78,49340,512.84,,,,,,,,,,,,,,,,,,,,,,,,,,,,,,,,,,,,,,,,,,,3,154,510,510,40672,1149,98,1051,1,14,36,47,173,791,79,8
200509015,2005,9015,CT,Windham County,115636,79324,39428,39896,1103,1655,6114,421,,70031,small/mid,Northeast,New England,78,49340,512.84,,,,,,,,,,,,,,,,,,,,,,,,,,,,,,,,,,,,,,,,,,,3,154,510,510,40929,1330,97,1233,0,18,44,35,254,877,93,9
200609015,2006,9015,CT,Windham County,116778,80438,40048,40390,1151,1668,6406,425,,70788,small/mid,Northeast,New England,78,49340,512.84,,,,,,,,,,,,,,,,,,,,,,,,,,,,,,,,,,,,,,,,,,,3,154,510,510,40976,995,78,917,0,10,25,43,177,647,87,6
200709015,2007,9015,CT,Windham County,117244,80961,40245,40716,1134,1689,6547,419,,71172,small/mid,Northeast,New England,78,49340,512.84,,,,,,,,,,,,,,,,,,,,,,,,,,,,,,,,,,,,,,,,,,,3,154,510,510,41162,1000,97,903,1,16,44,36,220,578,99,6
200809015,2008,9015,CT,Windham County,117888,81378,40534,40844,1181,1744,6791,429,,71233,small/mid,Northeast,New England,78,49340,512.84,,,,,,,,,,,,,,,,,,,,,,,,,,,,,,,,,,,,,,,,,,,3,154,510,510,41148,1035,96,939,0,14,38,44,184,679,72,4
200909015,2009,9015,CT,Windham County,118112,81525,40590,40935,1190,1765,7089,427,,71054,small/mid,Northeast,New England,78,49340,512.84,,,,,,,,,,,,,,,,,,,,,,,,,,,,,,,,,,,,,,,,,,,3,154,510,510,41207,981,105,876,0,14,40,51,211,611,51,3
201009015,2010,9015,CT,Windham County,118423,81845,40729,41116,1185,1804,7325,420,,71111,small/mid,Northeast,New England,78,49340,512.84,,,,,,,,,,,,,,,,,,,,,,,,,,,,,,,,,,,,,,,,,,,3,154,510,510,42726,895,95,800,0,15,23,57,159,580,55,6
201109015,2011,9015,CT,Windham County,118596,82048,40827,41221,1197,1868,7392,411,,71180,small/mid,Northeast,New England,78,49340,512.84,,,,,,,,,,,,,,,,,,,,,,,,,,,,,,,,,,,,,,,,,,,3,154,510,510,42805,774,80,694,0,7,17,56,115,533,40,6
201209015,2012,9015,CT,Windham County,118396,81945,40800,41145,1264,1871,7675,419,,70716,small/mid,Northeast,New England,78,49340,512.84,,,,,,,,,,,,,,,,,,,,,,,,,,,,,,,,,,,,,,,,,,,3,154,510,510,42816,910,73,837,0,11,21,41,194,561,74,8
201309015,2013,9015,CT,Windham County,117996,81250,40477,40773,1321,1878,7889,410,,69752,small/mid,Northeast,New England,78,49340,512.84,,,,,,,,,,,,,,,,,,,,,,,,,,,,,,,,,,,,,,,,,,,3,154,510,510,42524,845,73,772,0,12,19,42,104,582,78,8
201409015,2014,9015,CT,Windham County,117631,80755,40126,40629,1338,1900,8144,416,,68957,small/mid,Northeast,New England,78,49340,512.84,,,,,,,,,,,,,,,,,,,,,,,,,,,,,,,,,,,,,,,,,,,3,154,510,510,42448,705,82,623,0,11,29,42,92,480,49,2
201509015,2015,9015,CT,Windham County,116844,79961,39702,40259,1411,1917,8364,424,,67845,small/mid,Northeast,New England,78,49340,512.84,,,,,,,,,,,,,,,,,,,,,,,,,,,,,,,,,,,,,,,,,,,3,154,510,510,,,,,,,,,,,,
201609015,2016,9015,CT,Windham County,116496,79508,39440,40068,1394,1955,8538,424,,67197,small/mid,Northeast,New England,78,49340,512.84,,,,,,,,,,,,,,,,,,,,,,,,,,,,,,,,,,,,,,,,,,,3,154,510,510,,,,,,,,,,,,